id	title	duration_seconds
--l2BGGp4Ao	PalmOne Tungsten T5 eBay Demo	281.0
-19DMa8HxMk	She CAN'T STOP buying inventory for EBAY	3140.0
-1vF9V6iJ_Y	Hang out with us in our EBAY shed!	1269.0
-6swTiln4Bw	EBAY finally got us, did they get you too?	1936.0
-6zqDHihsGw	We Sold These 45 Things on EBAY to Make MONEY	2097.0
-70ucsAJh9s	Do you know how to do this on EBAY?	1429.0
-7CIuFWeu_k	Our Crazy EBAY Buyer Threw his Order in the River	1640.0
-7nZIKOWZTE	What boxes should a beginner get for EBAY?	1702.0
-E-ZzokNAIc	Took a few days off EBAY then THIS HAPPENED	778.0
-GXwD6N9268	This is what FULL TIME EBAY SELLERS do	1317.0
-GuXm72yve4	Tons of COOL VINTAGE STUFF!	1899.0
-KZNL1X92eU	Something about this EBAY RETURN doesn't seem RIGHT	2119.0
-LHmyu8MIWA	Did you know about this "Hidden" EBAY feature?	2118.0
-LTeO9clSu8	My Last Day as a SOLO EBAY Seller!	1077.0
-P1QoHykAo8	10 COMMON MISTAKES BEGINNER EBAY SELLERS MAKE	1719.0
-PsARadH-Hk	Is Pirate Ship always the best choice for EBAY shipping?	1223.0
-REa496azGk	Our EBAY Sales have us a little concerned	1622.0
-S-Cx_qh2Mc	We weren't buying more EBAY inventory, but then SHE called	4353.0
-T2lirz0ZxU	Our New EBAY Plan - So far so good	1291.0
-VuyxrBRPOc	Sony PSP-1006 demo for eBay	266.0
-XSlvHAh2ro	Garage Sales Paid For Our Trip!	1027.0
-YAy_Tm8TC8	Collectibles, toys and media are my best EBAY sellers	751.0
-eZrpXgwF2Y	Slingin the BEAN on EBAY	503.0
-etiX9Y35ms	EBAY Policy Makes This Situation MORE STRESSFUL Than It Needs To Be	2191.0
-i9xuzHkjrg	Random AMAZING sales day on eBAY	1767.0
-t7p0QhYr2o	She sold all this on EBAY!	2090.0
081NeWbhQ24	TWO YEARS LATER - We finally sold the last one!	1839.0
0CH98XyAEts	Vintage Kassoy Jewelers Balance Scales, weights and tools	293.0
0NlSKOVfIX8	I was not ashamed to sell this on EBAY	1145.0
0O0EyNHhWpE	Story Time from the Estate Sale	2962.0
0ObcVJmZQlk	She Found a Stack of Children's Books worth over $850 at a Garage Sale	2015.0
0YIsBom6nw0	Lessons Learned from from buying $2000+ of Walgreen's Clearance	1480.0
0f7tI7-TljM	A New Toy for our EBAY Business!	1715.0
0hWJsJaI3rM	THRILLED I sold this on EBAY - BUT did it sell TOO FAST?	1680.0
0iGyD1tQ0G4	12 Things You Can Sell on EBAY for Profit	1849.0
0kYHCCB2vO8	Garage Sale season is FINISHED	1566.0
0pJbp2FIfKo	What is the BARE MINIMUM needed to start selling on EBAY?	1291.0
0pfzEFXeMpY	NO SALES on EBAY for 19 HOURS - SCARY!	1527.0
0qPpy8sBqPA	EBAY: Not so glamorous	1021.0
1-SkYk1YR7g	I sold 42 of these in one day on EBAY	711.0
10xvn2MkjVs	GARAGE SALE - THIS SEEMS RISKY	646.0
14NnagFkNJc	We went HARD at this Garage Sale	1026.0
14SQiELyXLQ	Two Days of Making Money on EBAY, FB Marketplace, Etsy and Mercari	2980.0
18NNIDsuJkQ	SEALED things get EBAY sellers EXCITED	2326.0
1G-0z6uXwIM	Vintage Toys and Action Figures are her KRYPTONITE	1264.0
1Hi0N5TyayI	New EBAY Seller? Here's how I pack 20 orders.	1913.0
1R7yyY3EQwM	This Should be PERFECT for EBAY	2112.0
1Z_AeCPHZHs	This is some of the EASIEST MONEY you can make on EBAY	1206.0
1aQOlfq1RqQ	Garage Sales shouldn't be this GOOD in November!	3259.0
1bHK8y8TZb8	Is having an EBAY Store worth the expense?	2870.0
1clXSUjVkHk	They claimed this was a "Game Changer" for eBay sellers	1108.0
1eyzCAikKN0	This Garage Sale SCORE is paying off FAST	2052.0
1h51JxhFbh0	Why would you BLOCK a potential customer on EBAY?	1333.0
1jOKA5Vvk0A	This EBAY LOOPHOLE Makes Selling Expensive Items TERRIFYING	1801.0
1k0bXMvW5Rg	Found this beauty in my EBAY DEATH PILE	1487.0
1nRM-NYmca8	Loading up our EBAY Store for Quarter #4	1894.0
1ro3xOnohMA	I RAN when I saw this boxed NES console at the Garage Sale	3018.0
1tJYdJ4mXV8	Are Estate Sales better than Garage Sales?	1621.0
1vgvRecDLV0	EBAY keeps taking down our listings!	1600.0
1wcfuduNzLs	Why were these GEMS still there on the LAST DAY OF THE ESTATE SALE?	2067.0
1y4YKvH4lx0	We Should Have Bought These for our EBAY Business a LONG Time Ago	2011.0
2-JTS5Uhb-Y	Suikoden 2 PS1 game demo for eBay	171.0
24w_-TfSkok	This EBAY buyer had a STRANGE REQUEST	1560.0
27RuVbwfldI	Let's talk Garage Sale strategy!	1105.0
29AtFZtQgnc	Does writing "FRAGILE" on your EBAY packages make a difference?	1619.0
2FbmioSekI0	EBAY "End and Sell Similar" - This is how we do it	1280.0
2VuF4kA9X2g	GARAGE SALE GOPRO POV FOOTAGE UNCUT	4860.0
2cKYWclzdME	We bought 480 Items at a Yard Sale for only $100	3028.0
2k_mPaKsAqQ	Why do our EBAY Listings Seem to Disappear?	2069.0
2r7af6eXoXc	We set a goal for EBAY and FAILED :(	2290.0
2vhCZKgWNVs	Pulling and Packing EBAY orders	1165.0
37fAteyR3EY	We sold 51 things on EBAY!	1993.0
3EsV73FIOvU	Selling PARTS ONLY on EBAY? BE CAREFUL!	2414.0
3HUPLyk4_Q0	This is what happens after you get paid on EBAY	680.0
3HtDHM_aZSU	SUPRISINGLY FAST SELLERS on EBAY	1595.0
3L6VhdmFhBA	This Ebay buyer was up to no good	768.0
3LhACXL9WXU	How we plan the PERFECT GARAGE SALE ROUTE	2311.0
3M4H2E_r6-4	EBAY VAULT - Can Ebay actually pull this off?	797.0
3NpHiaH53B4	Does "BRANDING" really matter on EBAY?	1368.0
3Pk7zUXn-e8	This EBAY Return Restored my Faith in Humanity	1573.0
3QV1RZZayYs	This EBAY announcement made me HAPPY	1780.0
3RKL-uIQmBo	EBAY was GOOD to us today!	1266.0
3TGnQuoM0_A	We've sold hundreds of these on EBAY	1008.0
3Wt-hpRhT_0	THIS could shut down my EBAY account	1946.0
3b1xMcQc9mU	Regretted selling this on EBAY	947.0
3bGm7SuL_0g	33 THINGS THAT SELL ON EBAY	878.0
3bIWsqiB7yE	DON'T DO THIS AT GARAGE SALES	2402.0
3gyDNK9fup8	How to Pack and Ship EBAY Orders #2 - FRAGILE ITEMS	3389.0
3ng7AegRNfY	EBAY buyer sent item back without opening return - What would YOU do?	1430.0
3upBVOEytCE	She Filled Our Truck With EBAY INVENTORY	5346.0
3xY-mt9OKlY	62 Things You Can Sell on EBAY for PROFIT	1714.0
47pkH1uQUDU	This EBAY policy is disturbing	984.0
4A1Gpi_SBLs	LOADING our EBAY Store up for Christmas!	1592.0
4Hd6PZb99SU	24 THINGS THAT SELL ON EBAY	1047.0
4TjpyHlUb_w	43 THINGS YOU CAN SELL ON EBAY TO MAKE PROFIT	2277.0
4aoThoptmLE	This EBAY Buyer Has Clearly Been Burned Before	1570.0
4csQg4_39Ts	This keeps reselling on EBAY interesting	810.0
4diPfE8HOm4	Would you be willing to SELL THIS ON EBAY?	1706.0
4i00VpSS04s	Leap Frog TAG reader and 7 books ebay demo	130.0
4kxjePx5yso	We sold 130 things on EBAY, come pull orders with us!	2604.0
4miEy6sxEy8	Most EBAY sellers aren't willing to sell THESE	1974.0
4nZlu3vWIeE	Is this EBAY seller getting scammed?	1897.0
4qQRYfFV5rQ	This EBAY sale was SATISFYING	2515.0
4q_JX8o70p8	We got carried away Buying at Garage Sales	1939.0
4vPgx3I7Moo	Is there anything more fun than the end of an EBAY auction?	905.0
4wF3aROvBrU	Can We Sell 200,000 of These on EBAY?	2047.0
4wi5SymaCuY	Everyone Else Walked Past This ESTATE SALE Score	1627.0
4x9_Ozha3ok	25 Things You Can Sell On EBAY for PROFIT	1703.0
4yJhWgBkU3o	I felt DIRTY fulfilling this EBAY buyer's request	2273.0
51QX8rCkT7M	Can I put 700 Funko Pops on EBAY in 14 days?	786.0
52HgykssMr8	This MERCARI update is a GAME CHANGER for trading card sellers	2365.0
5CB9EYMgjeA	My EBAY store is shut down - now I pull his orders	980.0
5FHkM1PAQF8	Should Have Been Doing THIS with Our EBAY Inventory All Along	2082.0
5SFBUSFJ4sU	I don't know how she scores these deals on Facebook Marketplace	2841.0
5SURWaOKPcE	Stumbled upon this year's BEST GARAGE SALE FIND	1530.0
5nrOGRC7sCs	$64 Funko Pop sold on EBAY - shipped it in a BUBBLE MAILER	924.0
5vAq-UEnezQ	Our EBAY OPERATION is becoming a WELL OILED MACHINE	1911.0
68LuQe21UGU	What if Bob Ross packed EBAY orders?	2748.0
6ECeW30qeFE	Everyone else walks by these EBAY moneymakers	3259.0
6HZcP7Ks2MU	Perfect Christmas Gift for an EBAY seller	1963.0
6I3MKYG6PtQ	100 Things We Sold on EBAY for $100 (or more!)	6163.0
6I3WZzqhCZA	30 Things We Sold for PROFIT on EBAY and MERCARI	2494.0
6MLmuxsFSJ4	I find packing EBAY orders ODDLY SATISFYING	3518.0
6Q7U1CpqYzA	Our EBAY BACKSTOCK is getting FULL!	1780.0
6UpJswb9sdE	EBAY and Big Cartel have kept me very busy	1495.0
6V3LZPPjKvo	I Still Can't Believe This Happened on Facebook Marketplace	2170.0
6WnHS7GStIE	Share EBAY store on YouTube?	1314.0
6WwGtlNWvug	What in the Garage Sale is going on here?	1502.0
6YgjveYXFxw	57 Things You Can Sell on EBAY for PROFIT	2124.0
6Ytp25rRv4Y	Texas Instruments TI 99/4A Vintage Computer demo w/ speech synthesizer -Alpine,Munchman	453.0
6_GdaMwNRHA	These Unexpected EBAY Bolo's are a GOLD MINE	1934.0
6b9lbaCyyBU	How does Candice do her reSuRCh for EBAY?	1820.0
6iVy-g9v1ME	What is BLACK FRIDAY like for an EBAY seller?	2584.0
6iXXWyRcgwA	Garage Sale find - Will it work?	985.0
6lU7MqWuuwk	29 Things we SOLD on EBAY for PROFIT	2273.0
6rgiTBzpyO0	How much will I get for this on EBAY?	1381.0
6unG6XVxxvU	How did this end up in a Garage Sale?	2270.0
6uzrELxY5xI	How to Pack and Ship EBAY Orders #10 - They Bought WHAT??	6421.0
71Qmf8gbeCw	20 Things We Sell on EBAY for PROFIT	1852.0
78wPg3cC0xk	Our FAVORITE Way To Source EBAY Inventory - WE FILLED THE TRUCK	3211.0
79Ixn8o4vdU	When "Everything's A Dollar" at the Garage Sale	2675.0
7CbhZGFmsfE	These Garage Sale finds make me want to MOVE	978.0
7D9Jl_rz4LA	20 Things That Made Us MONEY ON EBAY	1429.0
7DOJHpWAHKU	No one else wanted to buy THESE at the Estate Sale	1813.0
7EFyQclVXTM	Can you spot the EBAY mistake in this video?	1008.0
7Ey-A033QlA	This is why selling electronics on EBAY isn't for everyone	2345.0
7GDNjVBpxG8	Do HUGE Garage Sale SCORES make us feel GUILTY?	2758.0
7MXQqPC0Xsg	Are you running sales on EBAY during 4th quarter?	1203.0
7Pojpn1jAiY	Lowrance XOG GPS eBay demo	133.0
7QGZsibZ60Q	BIG Profit Margin but is this EBAY Sale WORTH IT?	1204.0
7TR5VvOnxMM	Come hang out in our EBAY SHED	742.0
7VMIIZjrT9g	She's ADDICTED to GARAGE SALES	1292.0
7W-QMQQ9f_8	Sometimes EBAY requires a little midnight OIL	1259.0
7YR-MGMpauI	I think it's time to run a sale on EBAY	851.0
7at3yDReQcY	Passing THESE up at Yard Sales is a big mistake	1991.0
7gUNuzdXo9k	How much would you sell your ENTIRE EBAY inventory for?	2354.0
7jD8e8sOjU4	One of our favorite ways to get EBAY inventory - PRIVATE PICK	2564.0
7jvY5AqXNyI	This is the best thing to sell on EBAY	1887.0
7oE_GBJQMbw	Can I use someone else's photos on EBAY?	1543.0
7pEKbhXBvp0	THIS is why we aren't ready to give up on ETSY	1409.0
7rnfDtD5IyA	EBAY sale - Return to Sender - Now what?	1334.0
7y96BMVbWvM	BUYING & BUYING & BUYING for EBAY	2564.0
7z6A1_HZS7A	What's SELLING for us on EBAY, POSHMARK, ETSY & MERCARI right now	1323.0
89ViiwGWgRY	What are the best shipping methods for these packages on EBAY?	2136.0
8ArfFRnO4HE	Les Paul Guitar Hero Controller for Nintendo Wii - New in open box-eBay demo	126.0
8G-ZQU6oaKg	This EBAY Mega Order kept "CHA CHINGING"	2112.0
8IuFLBAsf9c	Why are we still buying EBAY inventory? Don't we have too much?	2134.0
8MTa0mzufhA	Tomtom XL GPS eBay Demo	144.0
8Oc6WFRFUO0	22 ORDINARY THINGS that SELL ON EBAY	1886.0
8RTQcJ4UdCs	Two Amazing Plush Scores at Two Different Garage Sales!	2591.0
8SipBy86pLI	No comps found but knew this was perfect for EBAY	1253.0
8XEjPB1V8CU	Join us for a $1000 EBAY Inventory Sourcing Trip	2278.0
8aQ7H2XX-yo	Would you get this Toxic Crusaders toy graded or sell it raw?	1752.0
8brLNISn-Ok	Only $20 for HUNDREDS of these 40 Year Old Collectibles	2762.0
8fmd5kbzl1g	We let ourself GET HOSED on this Facebook Marketplace Buy	1736.0
8h7kO-giw1k	Inflation so bad we sold a 5 Dollar Bill for $10!	1683.0
8lWyFEbUGKg	Selling online can be an Emotional Rollercoaster (at least for us)	1738.0
8qgxKpXK_0c	DRAMA AT THE GARAGE SALE - CAUGHT ON CAMERA	499.0
8rl-OiGwWUM	Taking Inventory of our EBAY Store is worth the headache	1316.0
8utxO30xNz8	This is ONE of Our Strategies for Making Money on EBAY	1922.0
8v0nHhNGn0E	Sent 150 Offers on EBAY - DID IT WORK?	1751.0
91Gk7Zi-7fk	Bought her a surprise at the Garage Sale. She didn't like it.	1620.0
98C4wf8V5Gs	She's EXCITED about this $400 EBAY Sale (she doesn't have to pack it)	1062.0
98_Ur1Md5bY	Canon AF35 ML camera eBay demo	348.0
98eEYkHY0b4	We are willing to sell ALMOST ANYTHING on EBAY	2187.0
9A5qix_fizI	Our EBAY inventory storage is SUPERIOR to bins - Change my mind	1783.0
9EGwIJ5EfCI	Our Favorite Way to Find Items For EBAY	1628.0
9G-pOfrqhS0	Come take an EBAY TEST DRIVE with me!	1050.0
9Hked4Ogtpk	When EBAY Inventory has worn out it's welcome	1402.0
9Lwhwiy1Idc	eBAY WELCHER had the nerve to tell me THIS	2111.0
9Q-nQh1_Mj0	We're leaving for DC and our EBAY Sales are BLOWING UP	1869.0
9RovujaCBhY	30 Dollars for a PAPERWEIGHT at an Estate Sale - Are we CRAZY?	2673.0
9SU44TMKf8E	Sorry EBAY, This is Going to our Local Auction House Instead	2055.0
9fjIYmfyG3s	HOW MUCH IS IT WORTH? Comics Cards and Collectibles	1318.0
9iXorObrYbE	Should you start your EBAY auction out at a penny?	1707.0
9l2a-_8HPb4	This EBAY return just keep getting weirder	1327.0
9lcWqp9Nhd0	These were a GOLDMINE on EBAY for us	2109.0
9lnnVL20GBA	EBAY scared us into trying something new	1926.0
9m7HcokCwxs	Gave up on this one - eBay FAIL	1029.0
9mikupzoYMw	She WON'T STOP buying EBAY Inventory!	2588.0
9nCIpwQUe3w	We're Willing To Do What Other EBAY Sellers Won't	1761.0
9qve--iaFnA	This EBAY Feature is a GAME CHANGER for resellers	1687.0
9zndoyu_p94	GARAGE SALE WITH US	732.0
A4Y-1zFlx9M	When you need more than PHOTOS on EBAY	708.0
A5qnzOXWryk	Is selling on EBAY BORING?	1909.0
AB_oxf3g4ao	Our EBAY store NEEDED THIS DESPERATELY	1627.0
AFDLB5IJMkg	Garage Sale season is back! (and we hit a very good one)	3490.0
AJcXpnyGC-A	What do people buy on eBay?	1024.0
AJhzFZin0PY	This feels like the dumbest way possible to list clothing	1430.0
AS2IR12O1aI	We've been waiting for EBAY to fix this for YEARS	1786.0
AZY17DJZjVQ	EBAY - Line em up, ship em out!	920.0
AbBwZVKtrQw	Sold 9 things on EBAY, but now I have to pack them	1392.0
AdvN1FsRg3o	You can't do THAT on EBAY	2283.0
AgyWJxpQjUk	BUYING IT ALL @ GARAGE SALES	1034.0
AhXCONslHro	Is it really worth listing this on EBAY?	1758.0
Ah_LFp7wbIA	This kind of inventory makes EBAY seem EASY	1982.0
AiLmdJoFKiE	This awesome EBAY sale came with a CATCH	3266.0
Aii6If5S5Ds	Why do we keep buying SO MUCH EBAY Inventory?	2419.0
AlFSmWKAy9Q	ONE Garage Sale, 558 items. ARE WE CRAZY?	1936.0
Amx1zTCafeA	This type of eBay sale STILL makes me NERVOUS	2571.0
AnWhPkRmfLA	Vintage Starlog Sci Fi Magazine Lot	448.0
AqW-inWcYIw	Why you should get an EBAY store? (or not)	2083.0
AubUmwH6rVo	10 Things We Would Change About EBAY	2001.0
AxUB0zX87cE	Our EBAY Christmas item plan is paying off	2807.0
Ay9Lhjbewkk	How to Pack and Ship EBAY Orders #8 - Packing a Statue	5141.0
AyVRzSo8o8o	How to use Gemini comic mailers to quickly ship comic books and other books	673.0
Az9RmvNWpKQ	She's starting to get the hang of this	1051.0
B4ih6Lyy3u8	Radio Shack Pro 95 handheld portable scanner - eBay demo	214.0
B9PxNheI57s	She found IT at the Garage Sale	1004.0
BEKFG6XKLH4	Motorola HT750 - Lot of 3 Radios - Demo for eBay	198.0
BKgjVtFC2GQ	NOTHING beats GARAGE SALE Profit Margins	2594.0
BLsVGrUardM	This EBAY BUG is driving me BONKERS	1644.0
BLztZomJRyU	Nintendo 3DS, carry case and 2 games- eBay Demo	366.0
BNl3JPWA-EA	We spent over $400 on THESE at the Estate Sale	1151.0
BRVhzj-Tj0M	36 Things we sold for PROFIT on EBAY while on VACATION	1780.0
BWhGJluo9AM	I'm selling this stuff on EBAY and giving mugs away	714.0
Bb10PXdB-UQ	Sometime we Overthink EBAY - JUST LIST IT!	1869.0
BdnoKaRNerU	Don't Fall For This Clever EBAY SCAM Like I Did	1298.0
Bg84xC8Sczs	Would you pay $25 for this at a Garage Sale?	2051.0
Bh9iyB0x2ck	FB Marketplace $20 Buy - How much will we make?	1427.0
Blhxu6LbneM	31 Things You Can Sell on EBAY for PROFIT	2952.0
BolMb2IK1RA	The new USPS rates on EBAY Caught me off-guard!	1633.0
BqOo-vLI76A	Most EBAY sellers walk right by this EASY MONEY (SOLD SAME DAY)	1812.0
Buc6DSJn2nw	This is what we sold for over $2200 on EBAY, MERCARI & POSHMARK	2952.0
C217L6pj9UY	Is Crossposting our EBAY items to Mercari, Poshmark, Etsy worth it?	2327.0
C2RuRUqag50	THE DARK SIDE OF EBAY	1300.0
C3DEvZLuscw	This is what SELLS ON EBAY	636.0
C4JO9l47nfg	We found "The Good Stuff" at the Estate Sale - LUCKY!	2704.0
C4LmKTVSgBk	Sell on EBAY or KEEP?	1731.0
C9jm4mSLRaA	We FAILED to hit our EBAY listing goal at the most critical time of the year!	2299.0
CAN1YAQxwKc	Garage Sale Home Run!	1057.0
CAVAwPHfPLA	Sometimes EBAY listing is EASY	1862.0
CCGYulsjbI0	These EBAY SALES make us SMILE	1385.0
CIA19rXtIro	How much do EBAY resellers pay for their INVENTORY?	3176.0
CK1UNjnJv7g	Welded Welder Welding - BOLO for EBAY	1881.0
CL_pdTiV_lM	Bowers and Wilkins Zeppelin iPhone Speaker Dock Demo for eBay	263.0
CMRtliIOiEE	$1 Garage Sale BOLO is even better than we thought	1398.0
CPNLagyhwLY	My biggest sales day on EBAY ever	741.0
CUQImKPb1hE	Original 1989 Nintendo Gameboy - eBay gameplay demo	134.0
CVadw41mKO0	EBAY Sellers do the STRANGEST THINGS	1703.0
CaFRnW7IDMQ	Ran a 20% sale on EBAY then THIS HAPPENED	1107.0
Cbs1qL32E8Q	This EBAY Sale was our DESTINY	1947.0
CerVdJLIga4	We just had one of our best EBAY sales days ever	1855.0
CjQLlS1mp4E	EBAY auctions take PATIENCE sometimes	671.0
ClgdqkKPQMk	This is why we never ignore dinosaurs at Garage Sales	2360.0
CmK6s7IEIL4	We Make Money by Selling THIS on EBAY	963.0
CoDrDkngAXU	A Peek At Our Ebay Backstock	1100.0
CrfAg-PtmV4	They pay BIG MONEY for this on EBAY	1318.0
Cs0IQDDLjRU	This is how we AVOID EBAY RETURNS	1649.0
Cx1rabVIUmM	42 Things You Can Sell on EBAY for PROFIT	1627.0
Cz6pWkBhAok	Our MOST ASKED QUESTION about our EBAY Business	2058.0
D04B0hk1OQs	How To Pack And Ship EBAY Orders #11 - THIS'LL NEVER WORK!	5380.0
D1zBQIVluww	Etsy Took Up EBAY's Slack (AGAIN)	1790.0
D1zFi2jYprU	Two EBAY YouTube channels weren't enough	566.0
D3YM8lgNrc8	20 Things We Actually Sell on EBAY for PROFIT	1473.0
D4rAfQESU4A	If these don't sell on EBAY, our Christmas shopping is DONE!	2472.0
DFPiB-hdSdU	50 eBay Flips That Made Us Money	2874.0
DK8QuLgINMs	EBAY WATCHED MY VIDEO	783.0
DKT1hCdgt6g	Can I make auctions work on EBAY?	1014.0
DKX5Pj525YE	Welcome to our EBAY laboratory!	482.0
DLlB5Y6BasY	16 THINGS THAT SELL ON EBAY	626.0
DPOkHsetabY	This is even harder than EBAY	835.0
Dd7WlULlg9g	This keeps us focused on EBAY	1883.0
DfFLU3nWvIA	These EBAY SCAMMERS are getting creative	3088.0
DgawRPoowVc	This used to be MY EBAY SHED	3457.0
DkJfVDsr7x0	We sent offers to 200 EBAY Watchers - What happened next?	2515.0
Dn9SXG9egZs	This is my best selling item ever	650.0
Dr7DRb6ZAjs	This EBAY order is a Birthday Present - we gotta get it outta here!	1484.0
Du4Xr73mc3M	Asking for FEEDBACK ON EBAY = Asking for TROUBLE?	3480.0
DyA_owHeRPw	This is what EBAY Sales look like AFTER 4th Quarter	2917.0
DzxQ6vU3KKA	Our favorite thing to do in the EBAY SHED	1541.0
E0RHDjUgOTE	OH NO She used the "V" word on EBAY!	1294.0
E30Ts4WRwzE	We found all of this at GARAGE SALES	1874.0
E3uoECH0E1Q	They seem to like buying this on EBAY	814.0
E5whMU4G1Mc	Why don't EBAY resellers ever show BAD BUYS on YouTube?	2471.0
E7cV9JmT9Aw	I POPPED on some more EBAY inventory today	991.0
E8NWPbOxNMM	Up to our EARS in EBAY inventory!	2418.0
EFJXLvrVEuA	Five Things We are Trying to Boost our EBAY Sales	3218.0
EJazAB9wPf0	EBAY Standard Envelope is simply too unreliable for us - we give up!	1928.0
EN6tkEGNY5M	This Garage Sale was a Little Different	1640.0
ENABP9vN0B0	63 Things You Can Sell For PROFIT ON EBAY	2448.0
ESdgr2D2YWE	Filling up the shelves in our EBAY SHED	971.0
EWhtIjhMybU	I think this item calls for an EBAY AUCTION	1409.0
EXwaVlL7Vw8	Would I enjoy selling on EBAY as much if not for Youtube?	1279.0
Ec-PsgmLxNA	"We're deep in the bowels of Shed Flips" - yuck!	1670.0
EgdRj2sWY3Q	Selling these makes eBay FUN	1351.0
EhqpX4Jf6dc	HEY EBAY - It's Day 11 and my sanity is fading	1627.0
EiNJg0Cykhc	These will be PERFECT FOR EBAY	1654.0
ElJmgoQVOtw	EBAY is a perfect place to sell old media	895.0
En3xhpUgIaU	This Garage Sale Find made our day!	1694.0
Eqb8GnLUqOc	It's time for us to OPT OUT of this EBAY "Feature"	1725.0
Ev_y4esYa7U	Are Highway "Yard Sales" Really Worth Going To?	743.0
EzWuuHAHMEM	I love selling VINTAGE ON EBAY	1100.0
F1JlITz5TkI	Trying an EBAY Strategy we found in our YouTube comments	2368.0
F3Cwwz-wSQw	Do you believe EBAY is "THROTTLING" your sales?	1487.0
F45prx3TiQ8	Yard sale season is BACK! (for us)	3031.0
F6Aj2vjGp-o	When the Garage Sale leaves you NO CHOICE	1868.0
F96AWPBhur0	This Facebook Marketplace Listing TRICKED HER	2058.0
FCR7HL6Gcb0	We DON'T Test Everything We Sell on EBAY - Do you?	1604.0
FD95vQ76QgM	WILL THE NEW USPS RATES AFFECT YOUR EBAY STORE?	1344.0
FG0GUa0QXr8	I love to sell on EBAY	667.0
FJYClo6dpxs	Top rated seller and Top Rated Plus on EBAY - worth it?	1357.0
FM3NRDrcLag	Is EBAY 's new International Shipping too good to be true?	1352.0
FOhTozRZkKk	Vintage EBAY item RABBIT HOLES	1398.0
FS8O1uBRYK8	What's the first thing you ever sold on EBAY?	702.0
FUNefBHvI7Q	30 THINGS THAT SELL ON EBAY	1029.0
F_PXIehdZIs	TURNED $5 INTO $100+ ON EBAY	1199.0
F_sVyoKsZb8	Trying to make them STAY in our EBAY store LONGER	1206.0
Fh677Th8-Rk	EBAY Sales were ON FIRE Yesterday! 17 Things We Sold Online for PROFIT	1368.0
FmVWc8H274Y	EBAY BOLO - IYKYK - (IYDK - Click Here)	1893.0
FnqCL-wvHeI	Almost Christmas - What's selling on EBAY?	1066.0
Fs2YlpzUsME	I think there may be some confusion about EBAY Managed Payments	1513.0
FyLw0n-3KYo	The modern day EBAY version of "the dog ate my homework"	1297.0
Fz-iowr7UPM	End & Sell Similar on EBAY - Will this actually work???	1948.0
G2aJHm2UIFo	The 10 Most Common Questions Asked By NEW EBAY SELLERS	2850.0
GALAXK9VNEk	Trying EBAY Coupon Codes to increase sales	1737.0
GGHDFxnLn7w	BAD BUYS and Things We Refuse to Sell on EBAY anymore	4202.0
GN35NZKPetU	ODDLY SATISFYING EBAY VIDEO	637.0
GRmUXs_9jXE	EBAY - do your ReSUrch	1416.0
GSS6L_joirM	We Bought 51 of THESE to SELL ON EBAY	3021.0
GaBKFM-V1PE	NEVER pass these up at GARAGE SALES	2898.0
GeuJAq2Zvhc	This Makes Selling Shoes on EBAY Way Easier	1248.0
GksA1klmCkQ	Sony SLV-D100 DVD Player/VCR eBay Demo #5	223.0
GmfA6CPXa1o	STAGNANT EBAY Listings - Can They be Saved?	1744.0
GqB_GL_ToIc	Zenith X323 - Vintage AM/FM tube radio circa 1959	366.0
GrWGzeJtZx0	THIS is what we Buy at Garage Sales to make PROFIT ON EBAY	2094.0
GsXw8HIXWhw	They buy it as fast as I list it on EBAY	1441.0
GuPaz9HC35s	I'm SELLING this SUCKER on EBAY	1255.0
Gvydjytm0tU	Will we ever run out of EBAY inventory?	514.0
GwtNj2sfgfY	Selling like this on EBAY might be a big MISTAKE	2482.0
GxS8kCOKQMs	We NEVER PASS THESE UP at Yard Sales	1735.0
H-1cs2kFSTI	Wheelin' and Dealin' at GARAGE SALES	800.0
H02enIquGTE	I can barely keep up with EBAY	1408.0
H0LQReSWDeY	PULLING PACKING LISTING on EBAY	1222.0
H2aoet4QlPI	How to Pack and Ship EBAY orders #7 - LEGO! I'm Gonna Pack It!	5365.0
H6kcQYqNf-Y	Hippie Heaven: My 60s Blacklight Poster Estate Sale Jackpot!	2054.0
H8Brf_7kMOM	This is how we get MAXIMUM profits on EBAY	3189.0
HBshT9MPK_Q	Found out about this EBAY change in our Youtube comments	2510.0
HFgRONP7u6g	We make our living on EBAY	1245.0
HKk9DSZUR5Q	20 Listings a Day on EBAY	1870.0
HMusv52GO4w	Some EBAY questions should NOT be answered	947.0
HQmRmbjWbLQ	32 Things You Can Sell On EBAY FOR PROFIT	2411.0
HSCWM_VsGZw	We Almost Left This ESTATE SALE Treasure Behind!	776.0
HYcvPySrol8	DON'T TRY THIS ON EBAY (even though I did)	1357.0
HcgyEjTQLcs	A strong case for EBAY stores	1252.0
HeEjaSwpXKc	How to Pack and Ship EBAY Orders #4 - I have to pack a SEWING MACHINE	6244.0
HeGWEPdeItk	Why I don't like best offers on EBAY	1791.0
HeQoPLUej2I	This estate sale find makes me very uncomfortable	2098.0
HjjrhXQsW-A	This EBAY sale may get interesting - $56 sale, Zero feedback buyer	1455.0
Hqvg5KooVDk	This Is The Kind of Sale That Gets People HOOKED ON EBAY	2255.0
Hw01MFJMLOw	She sent me to Garage Sales - I FILLED THE TRUCK	2350.0
HyAfv-Cz8oU	Busy day in the eBay shed!	1017.0
HysOD1YaA_M	This is why DETAILS MATTER on EBAY	2386.0
HzMBv13wQ6s	How EBAY Sellers can AVOID USPS Holiday Surcharges	2083.0
I7PDzeppynY	This RARE Hot Wheels buy got EXPENSIVE	1545.0
IEuIbAc3AAM	This is our SECRET EBAY SIDE HUSTLE	2782.0
IJRkV-PGRyU	She opened the BOX OF SURPRISES	1955.0
ILROiBP_bwU	Quick flipping on EBAY	638.0
ILXcqbUpzQY	This has been a WILD Month for us on EBAY	1182.0
INJUG6nUlIY	Are you an EBAY Procrastinator like I am?	1653.0
IOKb_OPpOj8	Meetup with a New Source – Good Flip or Goodwill Bound?	3023.0
IRcAsYzeSrc	FREE RETURNS ON EBAY - What's the worst that could happen?	1286.0
ISTYmE2TYZQ	Great Garage Sale Find! (Until I gotta pack it)	2676.0
IVX20A7sqls	This is how we are moving STALE EBAY INVENTORY	1515.0
IWpV3-_BTPQ	40 Things You Can Sell on EBAY for PROFIT	2407.0
IbGcKsgI8C4	Some EBAY sellers are TOO CURIOUS	2209.0
IbObVJnO0as	Most EBAY Sellers aren't willing to sell/pack these (And we're glad!)	1711.0
IfR_FuSEfdA	35 Things You Can Sell on EBAY for PROFIT	1937.0
Ii4BaEet4Zg	This Estate Sale Pickup seems Too Good To Be True	1909.0
Imu3ynhkPrE	Is this Fool's Gold? Or a great pickup for EBAY?	2464.0
IsapBI9CtRY	Sony M-430 Microcassette-corder eBay Demo	87.0
Ix-VYQLVU9Y	MOST EBAY Sellers walk right by THIS at Garage Sales	2874.0
IzdWlySS3kQ	EVERYTHING we Sold on EBAY, MERCARI, ETSY & POSHMARK	1281.0
J801CUj2j-o	Vintage Red Motorola 57a 5 Tube Radio	249.0
JBO3I961c9E	This EBAY Listing Side Hustle Makes Us a LOT of Extra Money	1929.0
JFe2OqNTzdw	Sony DCR-DVD103 Handycam Camcorder with NightShot Plus - eBay Demo	226.0
JHNA-i19SP0	One of our best flips ever is about to be over	2442.0
JL9zFMRI7to	VERY THANKFUL TO BE AN EBAY SELLER RIGHT NOW	882.0
JMOO6ySnT-s	EBAY was hiding over 200 of our items because of this	799.0
JO3H4ydpUs4	These are selling like HOTCAKES on ETSY -- WHY?	1782.0
JPrPSu_s_sU	This is why garage sales are unbeatable	3228.0
JT3Y38liaHk	Magellan Crossover GPS eBay Demo	315.0
JW2KGjnEwnE	Why don't you do yard sale videos anymore?	979.0
JWr9Q4zUFTY	Sony STR-DE197 125 Watts per Channel Stereo Receiver - eBay Demo	196.0
J_lRW5mQlIk	Big new FUN change coming to Shed Flips!	1945.0
JcqTo4NRcDE	This just might be a MEGA SCORE	1710.0
JkAy0VJxK_k	We Listed $16K on eBAY in May - But what about the SALES?	1324.0
JlNdM0OQHeQ	Shop Airline America on EBAY? Scam or legit?	1420.0
Jm84qufB3pY	Garage Sale LOOT	859.0
JotgqkuqyBw	Decided to CLOSE my EBAY STORE	1512.0
Jsj2nXRbiZs	You'll REGRET not doing this to your EBAY Inventory	1853.0
Jt3ZbsBdiNY	This is how we make EBAY FUN	1456.0
JvX3M8eyMdQ	Our Least Favorite Thing to do on EBAY	1253.0
K0yFQCN2DSY	Listing heavy on EBAY last week PAID OFF	1507.0
K2po3lvEXVg	"I Wish I Would Have Bought a Smaller EBAY Shed" - said no one	1308.0
K3pSDXOMMV0	The BEST part about being an EBAY Seller	3229.0
K4QkFGMUvpQ	1996 Jurassic Park The Lost World Velociraptor molded rubber hand puppet with sound, eBay Demo	149.0
K6TH7O77juM	Magnavox MWD2206 VCR/DVD Player Combo - eBay demo #2	206.0
K7Cm2Al4M2o	How I make FANCY LISTINGS on EBAY (FPV)	1399.0
KA1mR3Cmnrs	Are you using EBAY Standard Envelope for sports cards?	1492.0
KJzFka-kOU8	Did you know these make great money on EBAY?	1065.0
KM7SbipqPX8	Sometimes selling on eBay doesn't feel like work at all	1343.0
KOCAut7W65g	EBAY SCAM or Amazing Coincidence? MTG Black Lotus	655.0
KPuR7HZ_a_w	We KEPT BUYING SIGNS at Garage Sales!	2102.0
Kd7cMtPmBoU	Ignoring books at Yard Sales is a BIG MISTAKE	2625.0
KexVImSzGlY	Big Money on EBAY & ETSY - We can't keep these in stock	2171.0
KgTlnEzRry0	The Estate Sale Score that Got Away - Story Time w/ Lonnie	1689.0
KmO0z1vdTrs	The reason we STILL donate to Goodwill	1676.0
KwNfcHNQT50	EBAY Megabench	784.0
L2BNRRYT3Ms	Today was a one-bagger on EBAY	927.0
L2hn3ng1z6s	Omni Mark 32 auto-level optical transit eBay demo	183.0
L9OCzdAYRCw	This is an EBAY Niche you NEED to know about	1345.0
L9dT8EUR1l0	PEOPLE OF GARAGE SALES	2020.0
LFMDHpDkk_8	This EBAY customer thought they were being slick	1990.0
LGYQ96LsZfo	Our EBAY store is FULL of stale listings - we're gonna fix it	2322.0
LJ33X_Gt4hw	These are some of our SECRET EBAY MONEY MAKERS	2197.0
LK8zJFrZJdo	How we stay motivated to list on EBAY	2355.0
LMrKkpja1SY	Selling these is WAY more fun than EBAY	791.0
LOR3vB5NAEo	21 Things That Sell on EBAY to MAKE MONEY	947.0
LQ0c6kNwKv0	How to use the EBAY Custom SKU field to verify your inventory	657.0
LRQmHFwfcS8	Aggressive sale gave EBAY a boost	549.0
LWTRbNWJ1-0	If you see THIS at a Garage sale - BUY IT	1612.0
Lb0WBg_e7N4	GARAGE SALE GOODIES	2361.0
LdOwcx9H-N0	Vintage Nani Wind Up Wiggling Hula Doll -made in Hong Kong	58.0
LeY0WDF5WG8	I've grown to love selling these on EBAY	1063.0
LeaDidiU32g	Our easy way of selling posters on EBAY	382.0
LfQjW1iZojc	The Weirder the Better at GARAGE SALES	2398.0
Lggz5mks6ss	CROSSPOSTING too RISKY for EBAY sellers?	2461.0
LhtChA-VrR4	EBAY said this Jerry Lewis watch was TOBACCO CONTRABAND	1508.0
LjWMG_noGOs	We're GLAD most EBAY Sellers aren't willing to do THIS	2813.0
LlpZxdBao0k	Overwhelming EBAY Sales Day	1414.0
LmNoCJzkspY	Humminbird Wide 100 Sonar Fish Finder eBay Demo- parts only unit	225.0
LsGF4rI1WTc	Paid a QUARTER Sold for $40 on EBAY	1133.0
Lt9PhRNy5oU	EBAY Sales are BOOMING - I hope this lasts	1853.0
LwHZ83uGfIQ	I want my EBAY invoice to be as big as possible	1556.0
MKNTLLjGI3E	How We Turn Low Value Items into PROFIT ON EBAY	2081.0
ML4v1Nkp-2s	BEST start to a Garage Sale season EVER!	2836.0
MPZuN7X9V7s	Some days EBAY doesn't even seem like WORK	705.0
MQlo-vXbEhw	I nearly made a HUGE MISTAKE on EBAY	1672.0
MSOQ7lqj4-w	Packing FRAGILE items for EBAY customers is TERRIFYING	1610.0
MVjEkAQGscQ	His careless mistake cost us an EBAY sale!	1252.0
MVqhyiw0oxA	Funko POPS are flying off my shelves on EBAY	977.0
MWb_7SpPJGw	OVERTIME ON EBAY	997.0
MZJGTTZRZH4	Are you willing to sell BIG STUFF ON EBAY?	964.0
M_50MQtri1o	How should I answer this question from a potential EBAY customer?	2352.0
MaBDyOGV_oo	BIG / HEAVY = $$$$$ on EBAY	1047.0
Me9wpw0IzXU	This keeps happening to me at Garage Sales	2203.0
MiZsJpm-EYA	Time to get BACK TO BUSINESS	3167.0
Mk61HJ1aykE	I'm thankful for my eBay shed	1665.0
MshN_KvlHHw	Garage Sale GOLD - Is it LEGIT?	2891.0
MtQzWNPs7hE	We tried "SPEED PULLING" EBAY Orders	685.0
MtyHm3y4V0k	I told myself I would slow down on buying books for EBAY	1716.0
Mx9VyTU5HCA	"I'M WORRIED ABOUT SCAMMERS ON EBAY"	2557.0
MyYi_baMfBY	All EBAY sellers should know how to use THIS	1186.0
N-5J_vF0vLo	How to install Dymo 4XL label printer on Mac	291.0
N-PV7VxclVI	EBAY RUINED this sale for my customer 😢	1923.0
N1FES8m9b_A	ONE Garage Sale Saved the Day!	1958.0
N4ojdQLVDGA	Hauls like this is why this EBAY seller quit her "Real Job"	2078.0
N8s31FW9iOc	EBAY BETTER FIX THIS	506.0
N9HVkMEGQfI	I'm doing THIS to increase order size on EBAY	744.0
NH2-QA4JLzU	How we handle NEGATIVE FEEDBACK and VACATION as EBAY sellers	1484.0
NJQrMxKMR3o	I need to sell THOUSANDS of these on EBAY	1542.0
NcrdyJpgwMc	How fast can YOU list on EBAY?	768.0
Neuh7baq8L0	Asking EBAY Buyers For Feedback - A Big Mistake??	2044.0
Nfso9d4dyGc	I WAS SCAMMED (it wasn't on EBAY)	516.0
NiaKbUzxOHI	Listing on EBAY - KEEP IT SIMPLE	616.0
NqMwkF59Jmc	Sony Playstation 2 SCPH-39001 + 3 GTA games eBay demo	189.0
Nwkd6_DUmQQ	If you see this keyboard at a garage sale - BUY IT	1729.0
NzXEns9fr9w	SCALPERS ON EBAY!	2366.0
OA92GVrxo0o	3 day handling time on EBAY, how were sales?	1076.0
OEdpbq234dE	HATE when I make this MISTAKE on EBAY	1037.0
OGwkaRrdPOU	I Think I Invented a New Shipping Hack for EBAY	2891.0
OHrjg9jSG80	EBAY Sales - Riding the Bi-Polar Rollercoaster	2135.0
OLouNM5LpRs	How much do longer handling times hurt sales on EBAY?	2280.0
OORLR2pgRZE	What BOXES do you use for your EBAY business?	1430.0
OUHSjWBRBYk	This EBAY Buyer made me BIG MAD	2772.0
OXX8sqDH3W8	"Everything Seller" or "Niche Seller" on EBAY - What's BETTER?	1680.0
OYljj5EfhRM	EBAY Sales are a Little Sluggish - Time to try some discounts	1694.0
OZcQmFdLK-4	EBAY "End and Sell Similar" - Is it even worth the trouble?	1742.0
ObaGn94p3KY	14 THINGS THAT SELL ON EBAY FOR PROFIT	1346.0
OhOvzHz7rdk	20 Garage Sale Finds That Sold for $100+ on EBAY	1104.0
OiWCfKGGxeM	$30 Video Game Box from a Yard Sale - How'd we do?	996.0
Or2Gr5uWPBo	1 Year Later - We took a $200 risk on FB Marketplace	2528.0
OxZ0sfndiIk	My RARE AMERICAN GIRL Doll Just Got Back From The HOSPITAL!	335.0
P-5sDRcy74A	The EBAY Sales Fairy paid us a visit last night	1522.0
P3dlr4uHgkU	Can't convince her to work with me on EBAY fulltime :(	1377.0
P5YMNKOTPrE	Most ebay sellers are SCARED to use this Pirateship feature	826.0
P8R76y7ibnE	How do I bulk edit items on EBAY?	1370.0
P9oeS4zxFCc	Didn't really need more EBAY inventory, but here we are	1282.0
PGPXIEzqn-k	We bought "THE GOOD STUFF" and our EBAY sales took off!	1683.0
POrUpsci6aM	SLOW EBAY SALES DAY = BIG EBAY LISTING DAY	1230.0
PZbaKs_PteM	Shhhh! - This is one of her SECRET EBAY BOLO's	1441.0
PaM5rLQZ8KU	Setting up our EBAY OPERATION	1327.0
Pbzr_AJgqhY	EBAY is perfect for THIS	763.0
PdVzVHGjon0	How we listed 247 EBAY Items in one day (sort of)	1536.0
PgolGL6S2wM	Which kind of EBAY SELLER are you?	3307.0
PhEGT4Tyg6w	This EBAY Sale Blew Our Minds	2002.0
PkiXGw4b9Bo	This is why we like going to ESTATE SALES	1410.0
PlsnUIdq9UI	SELLING $5 ITEMS ON EBAY IS STUPID...right?	1336.0
PmzYca3rJys	How much EBAY INVENTORY is TOO MUCH?	1658.0
PoyzeTKucJI	THIS was my biggest struggle as a new EBAY seller	1428.0
PsYxddMkhPU	EBAY buyer didn't get item that show DELIVERED, now what?	1150.0
Psx0SYi6KEI	How I packed these EBAY orders	1806.0
PwPsAd6Xbig	How I pack and ship a day's worth of EBAY orders	3222.0
PxmLVifGuAg	23 Things You Can Sell on EBAY	477.0
Q1ljgPq1yv8	One of our BEST Garage Sale days ever!	2991.0
Q20mAW6q220	LONG OVERDUE: We need to revise our online selling strategy	1695.0
Q3Z2y7GrrCw	$130 at the auction - how will it do on EBAY?	615.0
Q3jAUeHGtho	This is How We Make Money on EBAY	1258.0
Q63UPjW25WY	The REAL WAY to increase EBAY Sales	2374.0
Q6sVu26NTLY	This EBAY buyer nearly RUINED my day!	1768.0
Q795P6EBvGo	How many EBAY sellers burn out and quit?	1028.0
Q8bfLVBbSps	He Bought 6000 items to sell on EBAY, now what?	1493.0
QCJHBU-LIeQ	Vintage Scott AM/FM Stereo Receiver 335R eBay Demo	275.0
QEVoJYDMojw	Is our Mickey Mantle autograph a FAKE? Let's find out	2586.0
QHboe65gTRM	Don't let this EBAY CHANGE take you by SURPRISE	1793.0
QJ5Bs8t1eb8	10 EBAY Customers Messaged Us After THIS USPS Mistake	1305.0
QKvpWNM85Lw	Sketchy Facebook Marketplace buy - Worth the risk?	3787.0
QLgIjjzYLGQ	New business or just a hobby?	2071.0
QO46Jy6COE8	Selling VINTAGE TOYS on EBAY	930.0
QQW9NQyQNw4	Why should you offer returns on EBAY?	2221.0
QQZNo1GAllI	EBAY, MERCARI, ETSY, POSHMARK - Who has the highest fees?	2805.0
QX_gjW_RhaQ	Selling this makes EBAY WAY EASIER	1444.0
QYEPb6goTvc	$10 for TWO Garbage Bags + Fry Boots Score (Full Garage Sale Haul)	970.0
QZKXJHGoiK8	THESE SELL AS FAST AS I CAN LIST THEM ON EBAY	1324.0
Q_DApHFllY8	I may have SOLVED EBAY	1168.0
Q_VqlOWKr0w	Has our inventory OUTGROWN our EBAY shed?	1913.0
QfP2ySXjv9o	OLD SCHOOL guy selling OLD SCHOOL things on EBAY	646.0
QfjZJUIOGyQ	Sell this on EBAY	956.0
QkP9Z4OMar8	ONE MORE MONTH of Ebay Purgatory	2360.0
QlhaCvnXK24	EBAY buyer bought this right off of my wall!	953.0
Qn4pNKCGokA	We bought an ENTIRE EBAY STORE	1652.0
QosIknbNsnA	These Things Will Make You MONEY on EBAY	1600.0
QrNu3zZesGU	Are Clean backgrounds for EBAY photos over-rated?	1768.0
QvOu54uX4oI	Waited over a year for this to sell on EBAY	672.0
QvaGgDXjBU0	TEAMWORK is a GAME CHANGER for us on EBAY	904.0
QvyYxhJeAo8	Come hang with us in our EBAY SHED	1513.0
QwKBLrXKiDg	15 Things We Sold on EBAY in 1 Day (for profit)	1814.0
QzV_Gcj_nvs	10 Pet Peeves at GARAGE SALES	1886.0
QzqUi_DfxtU	How I Sell Comic Books on EBAY	1071.0
R-RerKRNIpk	Candice, help me test this for EBAY!	1520.0
R-d9VlenZJY	What's selling for me on EBAY? (FLICKERING FLASHING VIDEO: CAUTION!)	809.0
R1uFeeIrxfc	Is there any feature you wish EBAY would add?	1231.0
R5T-jyOeklU	This EBAY strategy looks LEGIT	697.0
R9CCuDEQBs0	What's selling on EBAY?	1159.0
RDXbC4Wr_oE	Weird stuff? Sell it on EBAY!	1710.0
REGIPKud-_8	Why do I not talk about SLOW EBAY SALES?	1893.0
RIzohNr_Mqo	This EBAY buyer was mad - and it was all my fault	3529.0
RLK-RaNqtj4	Listed 700 Funko POP!'s on EBAY - how much profit will I make?	1555.0
RQmkVpn4I-o	20 Things You Can Sell on EBAY for PROFIT	1433.0
RQrWZKrnubQ	Everyone else WALKED BY this Estate Sale BOLO	1835.0
RRAF2d1mOqY	We've Sold This on EBAY FOUR TIMES	1160.0
RTETNKN7_jw	Let's talk about EBAY Feedback	2723.0
RTxzGuJstVc	Small ball on EBAY - I'll take it!	909.0
RaakjTQ8Z6w	This Garage Sale "Throw In" Paid for EVERYTHING else!	2008.0
Rda9foK-2aY	You should check before shipping with Fedex on EBAY	686.0
RdrLHZMP6aU	Happy Thanksgiving! Let's talk about EBAY	1332.0
Rdx8VpWHXPs	We sold our ENTIRE EBAY STORE in one day	2542.0
ReT-43fLsP4	Am I gonna test all of this before selling it on eBay?	1023.0
RhE0658Bepg	Canon Typestar 2 portable electronic typewriter - eBay demo	297.0
RiYGSAmkE_0	How I Pack EBAY Orders - Step by Step Packing Tutorial	5436.0
RoHUs437PSI	We Can't Resist Garage Sales	865.0
RpNvYT5xPDA	Poshmark "reducing" seller fees? Sorta (not really)	1698.0
RzJcZtvt9LA	One BIG CHANGE for my EBAY business in 2020	1398.0
S2PxdrQG9ng	Don't do THIS at Garage Sales!	1967.0
S54VQojWsZ4	Most people hate this part of EBAY	523.0
S5DEHheS6tU	This might be a great business idea	1188.0
S7MHZLhAM3U	Media Mail FRAUD on EBAY - Would you report it?	2130.0
S80XjdeLp6c	29 THINGS THAT SELL ON EBAY	1583.0
SEVoZw7snRk	We Couldn't Resist This Garage Sale Find - Will We Regret It?	1406.0
SGsWUhQL1DU	30 EBAY MONEY MAKERS you need to know about	1790.0
SLpImG49GDU	EBAY customer claims New in Box item didn't work - what now?	2329.0
SN60XMsgBg4	EBAY SELLERS - Make SURE You Stay on Top of This!	1932.0
SRGdjg-sG2E	WILDEST REQUEST WE'VE EVER HAD ON EBAY	2541.0
STwHf3ygJmo	strange request from ebay buyer	1189.0
SWpDk22GxGc	EASY MONEY ON EBAY (If you can find them)	838.0
SdnzTy6K6hY	25 Things You Can Sell on EBAY for PROFIT	1917.0
Si_ivQjnd5w	She thought my Garage Sale Mistake was HILARIOUS	2148.0
SihE1e0BXpU	Something new for my EBAY photos	671.0
Sk5AaN0Nm6A	What's the SMALLEST Profit Margin you are willing to work for on EBAY?	2513.0
SkzNHj8FpfU	Lot of sci-fi figure modeling magazines-8 Modeler's Resource,2 Amazing figure Modeler,1 Go Figure!	101.0
SnQStdA4OD4	These sell GREAT on EBAY	1971.0
SrQ0EVhuCjg	This letter could interfere with our EBAY business	2462.0
SvhOV-E67ng	How to Pack and Ship EBAY Orders #1 - This one was CHALLENGING	3969.0
Sx0nmSd1Djg	Is Consigment a good idea for Ebay sellers?	1355.0
T067GemdCiY	Rearranged my EBAY shed office	1229.0
T7GqusYgzjM	Garage Sales make vacations more FUN	1357.0
T8uPv8Eg63U	BIG PACKAGE = BIG MONEY ON EBAY	2439.0
TCoLOoOToXc	DON'T SELL SHOES ON EBAY without doing this first	1811.0
TE5NHGd8f08	Panasonic TR-749 Vintage Television Set -1976- Portable TV	192.0
TND2H6thDYo	HUGE Garage Sale - LET'S GO!	612.0
TP6IG95lyBc	Why don't we sell these anymore?	1888.0
TQjQkVdK9e0	We made over $100 on this $3 item on EBAY in just a few hours	2130.0
TRyTb_Hb8uU	51 Things that ACTUALLY SOLD ON EBAY	1930.0
TZx0qBk4s1A	Why we DON'T use BEST OFFER on EBAY	1929.0
TaEMKQkR3Tw	The EBAY "MEGA-ORDER"	1331.0
TaUhp2O8gQ8	The Most Common Question we get about EBAY	1713.0
Th-KOuLioMQ	45 Funko POP!s in 24 hours on EBAY	781.0
TpV9EvQ2dAs	This Estate Sale SCORE has me EXCITED - So Fun!	2179.0
TtVPW7aUa5U	This is one of our EBAY secret hacks	1840.0
TtrpOjClavs	She's always finding the EBAY GEMS	1749.0
Tut7jkuVz4M	We just bought 600+ pieces MORE EBAY INVENTORY	1408.0
TvtImooSI40	We struck GOLD at a Garage Sale	3210.0
U6oGdwthhp8	HOW TO create VARIATION LISTINGS on EBAY	1001.0
UCjAfSMlIsM	A WEEKEND OF EBAY SALES	1652.0
UFyzNuRG5t8	EBAY on the ROAD	613.0
UHrF8RafnF4	25 Things We SELL ON EBAY for PROFIT	2248.0
UPomeSRAGEg	This is What Is Selling on EBAY, MERCARI & POSHMARK	1369.0
UShmjxGG470	Should you start a YouTube channel for EBAY?	1075.0
UVeccTbLNk0	These are perfect items to sell on EBAY	1086.0
UXLkq7mcTKw	This EBAY SALE brought back MEMORIES	523.0
UZIK1JiTfsA	100 Items - OVER $100 EACH - EBAY Sourcing IDEAS	4469.0
UeGY36B2_oo	Vintage Cosmo Electronic LED Alarm Clock	101.0
UeX9GRXjEb4	"I'll sell anything I can" on EBAY	1297.0
UigjYiAACdU	Other Resellers walked by this HUGE SCORE	2463.0
UmM9U5qO8H0	Estate Sales - BEHIND THE SCENES	1175.0
UpRq0uTsiOE	EBAY worked while we PLAYED	1065.0
UrOwV39FLL8	This is the kind of thing they love to buy on EBAY	765.0
UvLCfHBzXYQ	One of my BEST sales days on EBAY ever	1132.0
Uw-v5m2Cn8k	This was still at the Estate Sale on HALF PRICE DAY! HOW??	2336.0
UwHlb7AuWGo	She's already mastered this CRUCIAL EBAY SKILL	2055.0
UyZMw-Lo5f8	EBAY sellers can work from almost ANYWHERE	630.0
Uz3h1B2Sa3Q	This Garage Sale "Score" Seemed Like a Good Idea at the Time	1408.0
V3tkNnmnJ_A	We tried EBAY's AI (So you don't have to)	3202.0
V4BonFdzDk8	Is it disrespectful to look up comps at Garage Sales?	1510.0
VBYPU82zScY	Our FAVORITE way to buy EBAY inventory	3366.0
VEy7eW570DE	This EBAY buyer made our day	1057.0
VGGRkKjBROY	TONS of Resellers Walked By These ESTATE SALE SCORES	2909.0
VRufo8vNdF8	We took a break - but EBAY KEPT WORKING	2640.0
VXYHeOBuqzA	Cisco Flip Cam Ultra HD Generation 2 Hour Video Camera	174.0
VXr6cJb9Cr4	Finally unloaded this albatross on EBAY	1033.0
VYedrg-R-IQ	This EBAY mistake hurt my EGO and my WALLET	2211.0
VYjIGSGvVo0	Leaving My EBAY Comfort Zone	918.0
VgDVCjW2YXo	She noticed something very peculiar about this EBAY Sale	2255.0
VjPFgcJdUvg	Why we DON'T do Free Shipping on EBAY	2647.0
VrHecVLKGZE	This EBAY feature is OVERLOOKED by sellers	2498.0
VwDUeNkMLj4	What's with all the REFUNDS on EBAY ????	1915.0
VzWHFLGzM20	MAKING OUR LIVING ON EBAY	1624.0
WDmPBMXs1YA	STRANGE Garage Sale Find: We Might Have Something Here	2127.0
WGTN2u4s-7o	Crowdsourcing knowledge is a powerful tool for EBAY	1216.0
WLmU2Ny-fys	Who Knew THIS was a MONEY MAKER on EBAY?	2835.0
WWAMaxn8RXM	Ex EBAY sellers needed to liquidate	1258.0
WX2XoJXgHBU	31 THINGS THAT SELL ON EBAY	975.0
WdBwdvEpTGU	Are you worried about running out of things to sell on EBAY?	1098.0
Wgm7rBDyNho	Are we still going to use GARAGE SALES for EBAY inventory?	1825.0
WhF1JicdRi8	39 THINGS THAT SELL ON EBAY	910.0
WkbmodzitJU	Don't let this EBAY change catch you off guard!	2126.0
Wl0pr8UtNZ8	I LOVE it when an EBAY plan comes together	569.0
WmWgGdzIdeM	DON'T be like this EBAY SELLER	1592.0
WncDRk4Hn4c	I was way too excited about this EBAY shed upgrade	854.0
WoWkNPLzYEs	Are EBAY AUCTIONS still relevant in 2023?	1822.0
WwykNBXpkqU	Smith Corona Display 900 Dictionary Typewriter eBay demo	336.0
Wyl7dz2KorI	A van full of eBay and Big Cartel orders	1420.0
X3KjqDKbxrw	Real cute EBAY - NOT FUNNY	2665.0
X74WVxV9JgA	BEANIE BABIES - They still sell on EBAY	1544.0
XA3owPJMyoY	How much do you REALLY MAKE selling LOW COST ITEMS ON EBAY?	2100.0
XEYyqSaHBZs	PERFECT for EBAY	1026.0
XJVQGExqdpQ	They knew it's EBAY VALUE - Still gave us a DEAL	2254.0
XNVZmWUWff0	Keep accepting PayPal or switch to EBAY managed payments?	2160.0
XNWlQftBwNc	Think we're gonna sell this Estate Sale find?	2120.0
XO3CLrMHt6k	29 Things You Can Sell on EBAY for PROFIT	1242.0
XOXaBUjKGpY	We Tried Selling at a Local Auction instead of EBAY	1998.0
XZ2zKb4SrY0	Doing THIS keeps our EBAY business on track	835.0
Xb4O674qipw	Are EBAY's Promoted Listings ruining your customer's shopping experience?	3186.0
XflhzgXQxNA	Tippmann A5 Paintball Marker Gun eBay Demo Video	53.0
XliPsRKzhK8	It was a very very GOOD day in the eBay shed	1471.0
XnnQQigNNeY	This is what a Great EBAY Sales Day looks like for us	1270.0
XoNOXqUMXFo	HOW TO RUN A SALE ON EBAY	834.0
XszksgiFJPs	Are we going to start selling on WHATNOT?	1856.0
Xu8-9ScK-tA	50 Things That Sell on EBAY for PROFIT	3046.0
Xv-wrsp8pFs	HOW TO LIST ON EBAY - PHOTOS, PRICING, PROCESS	865.0
Xz0Aj00wo6A	EBAY odds were in my favor	1333.0
Y9CwAu9NKRQ	This is the most fun thing about EBAY	653.0
YGJZpIhec_s	25 Cents a WHACK for two boxes of big EBAY profit	2090.0
YId1JABpP00	Will EBAY Suspend Us For Doing THIS?	676.0
YPdHte3a_08	Garmin GPS 12 MAP - Handheld GPS demo for eBay	132.0
Yd59N4epFcU	Lenovo Thinkpad X200 12.1 Laptop-2.53Ghz C2D, 4GB RAM, 320GB HDD - eBay Demo Video	480.0
YgxIji4UEGI	Garage Sale find made her Knees Weak	3199.0
YjJthE6pJtU	EBAY Switcheroo or Honest mistake?	1804.0
YkOglGd6Wck	PILES of Fresh Inventory for EBAY	1699.0
YkapgSmMLHM	PERFECT sales day on EBAY	1092.0
YkjHgfySvp8	WHY DO I HAVE 3 ACCOUNTS ON EBAY?	1333.0
YoDFcZ7jb94	Unexpected Garage Sale Expense - I'm gonna fight it!	1854.0
YwnJOsErceg	Did you know THIS still sells on EBAY?	994.0
YxiMMS2txhA	Selling on EBAY is easy when you have this kind of stuff	777.0
YzpFwRV0mCU	This is the Loot from 5 Garage Sales - is it even worth going?	1256.0
Z0-CzrRtMrg	I hope this EBAY GLITCH isn't widespread	1719.0
Z2H8sCdn21A	Do More of THIS Please, EBAY!	1638.0
Z38RN27nhEw	49 Things you can sell on EBAY	1620.0
ZD5JFyI2OMk	We wouldn't have sold THIS without crossposting to Mercari	1900.0
ZEcP_Vx7AWk	Pyramid Schemes + EBAY Sellers = MATCH MADE IN HEAVEN	1917.0
ZGIMg0OnDIw	New EBAY sellers - watch out for this trick	859.0
ZGpStRZ-i_I	Customer got a Refund AND they Kept the Item - We called EBAY	1935.0
ZLMBGR9SJk0	DO WE EVEN SELL ON EBAY ANYMORE?	1263.0
ZMdwi2wZAi8	These Estate Sale Finds Tell a Story	2588.0
ZOCxqF1x1Js	How Are EBAY Sales For You?	2634.0
ZQ9504KWRiA	Our MASTER PLAN FOR EBAY 2021	1696.0
ZYhKLlLXYm4	Our ULTIMATE Buying Guide for EBAY Sellers	1932.0
ZllIvA0eX_Y	WHAT DO PEOPLE BUY ON EBAY?	652.0
ZlzW2v_tu_o	Should I start a YOUTUBE channel to market my EBAY store?	1846.0
Zpc0SQoScWA	I ran a 20% off sale on EBAY	559.0
Zt87DesOReI	Sold these 51 Things on EBAY while on VACATION MODE	1594.0
_1q_St6gt18	Is there going to be a post-Christmas SLUMP on EBAY?	704.0
_DzwBzd62Ng	EBAY bidder didn't pay! Now what?	1816.0
_FbXkMpLe4E	Starting another EBAY listing challenge	538.0
_Ib1CL6njbU	Why we HATE using Best Offer on EBAY	1545.0
_KrKc7oYBfE	When should you leave feedback for an EBAY buyer?	707.0
_M4W8rpxrvA	Our Secret Weapon to Stay Motivated on EBAY	1232.0
_OYjJxsVf5s	Tackling our EBAY Deathpile	1368.0
_ZBKHuhPyYM	SMALLS are PERFECT FOR EBAY	686.0
_dEGAuEY2q4	36 Things You Can Sell on EBAY for PROFIT	2605.0
_eP3iMvas54	Buying Luxury Brands at Garage Sales is ALWAYS RISKY	899.0
_i-ewY6UxUo	Can't believe I sold three of these in one day on EBAY	939.0
_nTToEwblAc	One of my best weekends on EBAY	1362.0
_nsaL7oVIoY	Most common mistake new EBAY sellers make?	1207.0
_uT4cgoO5aA	EBAY Gods Were Smiling on us This Time	1330.0
_wENSi74l1E	Philips DVP3345V DVD Player/VCR combo eBay demo #4	189.0
a06HyVlLD1M	I bought a box full of Harry Potter for $3 at a Garage Sale	869.0
a0rDeVZFfRo	Do you have to be an expert to sell on EBAY?	1975.0
a1_iqxOuHDg	The SHIPPING supplies that are ESSENTIAL for our EBAY business	1917.0
a47f-9cXWzA	How to Pack and Ship EBAY Orders #12 - POSTER PACKER	4293.0
a6C8aiXAHqw	EBAY Comps Can be DECEPTIVE	1290.0
a7CRfr-iHYk	Another Day, Another EBAY Problem I NEVER SAW COMING	1579.0
a8LllyphDUI	Were we WRONG to BLOCK this EBAY Buyer?	1616.0
a8XPyt7elpM	I made the switch to EBAY Managed Payments	1456.0
aOp4zJr2zRc	EBAY Christmas shopping is OVER for this year, time to chill	2059.0
aSQ8cJjXc1w	Most EBAY sellers don't know about these	996.0
aSaH1ctu1vk	They Buy These Polaroid Cameras as Fast As I Can List Them	1877.0
aSr1NHAo0cs	This is my FAVORITE thing to sell on EBAY	1113.0
aUZTRA3_6UQ	Should you be a full time EBAY seller?	1366.0
aaDjK561yqw	Woke up to a HOMERUN on EBAY	2663.0
ad6O3OA2kwE	Pack EBAY orders with me!	552.0
adyL1DndNqs	Our Biggest EBAY sale ever	1485.0
aeJDdgnQIzo	HOW I PACK EBAY ORDERS - 19 orders from start to finish!	2201.0
afBast0Rw9w	LUCKY $20 Garage Sale Score!	966.0
al-y1hHPv4M	This is the UGLY Part of our EBAY Business	1910.0
alUIMjfW4_M	SOLD on eBay the same day....Reselling is EASY!	2152.0
alaNBh0jJkA	It's easy to get OVERWHELMED as an EBAY seller	1782.0
aoNFjy5Ie2E	International EBAY Buyer Thought He Had a Foolproof Scam	1891.0
ap6LxwJsJWU	These Are the Kinds of Things EBAY Shoppers LOVE	1388.0
arMe8SjY_QU	GLAD we DID THIS at GARAGE SALES	1169.0
arUWimBJqng	36 THINGS THAT SELL ON EBAY	1562.0
awj3Ss6Ullo	Our FAVORITE way to Source EBAY Inventory!	1981.0
b0dhAooT5Xo	Garmin Nuvi 50LM GPS eBay Demo	192.0
b0wKPnLKyA4	Is this $1450 investment in my EBAY business worth it?	1091.0
b3X_ZbfIG7s	I was SHOCKED how fast this sold on EBAY	950.0
bB9tU_k1V7s	We found out the verdict on our Antique Cast Iron toy buy	2161.0
bHU2CjD3uxQ	I Sold a Vintage Pokémon Pikachu Shampoo for $125! 🤑	2178.0
bHvgFklqf9Q	4 Days of Selling on EBAY, Mercari, Poshmark and Etsy	3620.0
bLSpfrQjTes	We have to quit Garage Sales for awhile	1534.0
bNGRoGZ6LDs	Sony DCR-TRV17 MiniDV Camcorder Handycam demo for eBay	132.0
bNGhablAT7I	This is my BEST source for EBAY inventory	1518.0
bPW68-jLOXk	She GAMBLED on this Vintage GI JOE Collection - AND WON!	2947.0
bTbCU9PZLUs	Do EBAY Youtubers have inside info?	1904.0
bVclIfQ7hvU	It's Time To Reclaim Our EBAY Shed - Let's get to WORK!	1374.0
bWaQaJe_8II	She couldn't leave this behind at the Estate Sale	1191.0
bcW-tLGXCDo	Who REALLY calls the shots in our EBAY business?	1584.0
bfHRo6OH_A4	These always sell FAST for BIG profit on EBAY	1454.0
bg4eGYqSL2s	Garmin GPSMAP 126 GPS Receiver/Chartplotter eBay Demo Vid	401.0
bh3DbsQSZzw	Does "NO RETURNS" even exist on EBAY?	1840.0
bjKEso0j3zI	Zero Feedback EBAY Buyer - Should you cancel the order?	2796.0
blZL0ChTd8E	This EBAY inventory has us SPOILED	1037.0
bvg92NJ9h0Y	EBAY Let Us Down THEN ETSY Saved the Day!	1610.0
bzXnasy1GkI	EBAY's BOLD Changes to "International Shipping" - What could go wrong?	1411.0
c6NcwMruD0I	Why we tell people that "WE SELL ON EBAY"	3363.0
cBd8QRQ3zeU	We went BIG on this Estate Sale buy	1020.0
cEg5Jb_xESA	Most EBAY sellers aren't willing to do THIS	799.0
cKeYqEPaL7E	FAKE EBAY BIDDER SHENANIGANS	866.0
cLF_vOHtKbE	Most EBAY Sellers won't deal with this kind of stuff - WE'RE GLAD	1520.0
cOCV3u9xr9c	Will we ever hire EMPLOYEES for our EBAY Business?	3582.0
cOycV-ZPCwM	Toys, Collectibles, Media are perfect for EBAY	923.0
cUCem2vnH3o	This Facebook Marketplace DOLL SCORE was worth the RISK	2523.0
cUQSoP2iCk4	She Sold these 30 Things on EBAY	1567.0
cW8gustkwYY	FREE RETURNS on EBAY - What's the worst that could happen?	2699.0
c_jHzUbvbV0	We waited WAY TOO LONG to start Crossposting our EBAY inventory	1881.0
ckQ1w7IOMQ0	Our WORST EBAY Sales Day This Year - Then THIS Happened	1720.0
cuwmO3TKXG4	Would you trust a neighborhood kid with your EBAY account?	816.0
cyB2vTJfE2U	How to Pack and Ship EBAY Orders #14 - I DREADED Packing This	7954.0
czagolv2ww0	Our eBay inventory storage DESPERATELY needed THIS	879.0
d1HpnSbCCvw	37 Things You Can Sell on EBAY for PROFIT	1680.0
d2TC2KrGZ9o	Nobody else wanted this awesome Estate Sale Find	2678.0
d4V98pY4_uU	28 Things You Can Sell on EBAY for Profit	2831.0
d8kuSdr0mbQ	We found OVER $1000 of Ebay listings that "vanished"	997.0
dErSc_84lf4	This EBAY dropshipper was a little over the top	710.0
dICmTqpyX88	How to SELL LOTS OF THINGS ON EBAY	524.0
dJ-wI4Eua-Y	What's the cheapest way to ship this EBAY order?	701.0
dJ0oXukMB2c	You broke an ebay order before shipping it, what now?	808.0
dMyjA9e32ig	Monday Morning Estate Sale - We got EARLY ACCESS	2436.0
dNxYhfVtGlg	SNOWED IN - These EBAY orders are STUCK IN THE SHED	1740.0
dPkh644Ctgc	We Tried Selling on EBAY and EVERYTHING CHANGED	1836.0
dQGQCRHXqAQ	We got STIMULATED by EBAY this weekend	1133.0
dTLm0K3_T4Q	We tried FREE RETURNS on EBAY...What Happened?	2407.0
dUyzqw-znDM	Let's start EBAY 2025 off on the Right Foot	1777.0
dVKG0KFxlRg	We Lose $15 every time we sell THIS on EBAY	1660.0
dWWXJ0SmRbo	Are you ever going to hire an employee for your EBAY business?	1027.0
d_vzIMfYcPA	"Why don't you film at garage sales?" and 9 other questions	2034.0
dnYI6Xm5Rvg	Now she has to pull the EBAY orders	680.0
dojqi7tIwdQ	Keep this EBAY BOLO under your hat, OK?	2524.0
dorR1mzG_Tc	How to List an Item on EBAY for Beginners - Step by Step Tutorial	3555.0
drdDrm0fXi0	Teaching her how to ship EBAY orders for the first time	2752.0
ds4_XbkLf30	Sony DCR-TRV-103 Handycam Camcorder with Nightshot eBay demo	217.0
dwMaUTXb2lA	No Pain, No Gain - Do Your EBAY Research!	748.0
e4FNS-3GsKE	Our EBAY listing challenge just got a LOT EASIER	1364.0
e6rUvzy_kcc	A lull in the action on EBAY	1049.0
e8-_1HDFa1A	She hit a HOMERUN on EBAY with this Garage Sale Find	1926.0
eSwFExhMCnY	This is what I think about 50,000 free listings on EBAY	2000.0
eYhGqbWHuA0	THIS is what 4th Quarter looks like on EBAY (for us)	3486.0
etRHw9qkQoU	Are we going to start selling on WHATNOT?	1384.0
evGmKyxRpU4	Easy to find items we buy at GARAGE SALES for PROFIT	1345.0
ez-TL0L6KlE	"EBAY Time Away" for 10 days - here's what happened	2464.0
ez6u8NidpxU	This EBAY inventory NEVER gathers dust on our shelves	2843.0
ezoQ5uEvyR4	Sometimes EBAY is HARD (AKA I made a BAD BUY)	1145.0
f5BTpG6ohpM	Would you buy this for $25 at a Garage Sale?	1473.0
f5HSC-UCfcw	How many items should you have listed on EBAY?	1793.0
fNL-jduYR6s	Our MOST COMMON MISTAKE as EBAY Sellers	3050.0
fOSvcoD4qfA	Is there a "RIGHT" number of listings for your EBAY store?	3468.0
fT6QksJ1jp0	EBAY is MUCH easier when we have the "GOOD STUFF"	1866.0
fXHhPwRkwJs	64 Things You Can Sell on EBAY to make PROFIT	2334.0
fbmmOa3nSwQ	This is how we keep our EBAY Listing MOMENTUM	1762.0
fc43Lqdreu4	Box FULL of VINTAGE GOODIES	1840.0
ffwL4bavIhM	Does EBAY penalize you for going on VACATION?	696.0
fhpgq3Rmp2w	I do this in my EBAY shed every day	1048.0
fl38YmInubI	I DO IT @ GARAGE SALES	783.0
flcNrxywzXo	How to LOSE 2,000 YouTube Subscribers in 30 days	755.0
fnvAEPKFr_Q	Never look a gift bird in the hand in the mouth when it comes to EBAY!	1634.0
frvevsdJCt4	This will be BIG PROFIT on EBAY	1050.0
ftWvZ5OgoAQ	Sprucing up the EBAY SHED a bit	363.0
fxbWlohepRc	We should have built this for our EBAY shed way sooner	1682.0
fyEGy821XpE	I hope EBAY can stay like this	1556.0
fyw3UPBPUBA	500 Characters in eBay Feedback? I better be CAREFUL	1136.0
g7IcUVhH_GA	EBAY, You may want to re-think what you are doing here	1117.0
g7TtnEFjbKo	Our EBAY store needs some MOMENTUM	2079.0
g7vCgCIz-88	Story of our Ebay Shed	1413.0
g9bFerniy5U	EBAY caught us	2233.0
gAnq66z2oAM	PAC-man vintage mini arcade w/ cosmetic flaws	183.0
gDmeo2vnKEU	Why is EBAY still charging for this "feature"?	1144.0
gHk2_3w40_g	Put our EBAY Store on Vacation for 8 Days THEN THIS HAPPENED	2731.0
gIbgWf-4JM8	Would you be comfortable with this new EBAY Feature?	1991.0
gKYpPn1GsCE	Slow EBAY Sales Day and I think I know why	1977.0
gNfqqzOpQHg	Sick of Reseurch - so she started an AUCTION ON EBAY	1762.0
gP5HqFt6mRw	Our Plan to Become an EBAY Top Rated Seller Again	1472.0
gRkpO74DtDo	How to EASILY remove PRICE TAG STICKERS	171.0
gS9UKccB-18	Scrounging for shipping boxes for EBAY - smart or waste of time?	1435.0
gXsK5J6aK2w	It's Beginning to feel like CHRISTMAS in our EBAY Shed	1393.0
gb_ZFnpoESQ	Missing a foot? I'll sell it on EBAY	1582.0
gc46b9vg5a4	This EBAY sale made me tear up a little	1597.0
gde7zMIYyWc	I tried EBAY's NEW Video Listing Feature (So you don't have to)	571.0
gfgkeLoF-hA	Should you quit your job and sell on EBAY instead?	2140.0
ggdyglbFOsc	We made a BIG change to our EBAY store for garage sale season	2109.0
gldS_eJWFVk	This is a COMMON MISCONCEPTION about EBAY	2705.0
goPcgGpcXWc	Garage Sales SCORES!	2107.0
gpFVP3ll414	I Don't Think She's Gonna Sell This One	1864.0
gpbb5bpd4G8	Am I OVEREXTENDING myself on EBAY?	1458.0
gsNCL4AC65E	We make our living SELLING ON EBAY	1021.0
gzo8dh0GMGs	Magnavox DVD VCR Combo Player MWD2205 demo for eBay #1	204.0
h36Hx7LFxwA	I CAN'T BELIEVE THEY BUY THIS ON EBAY	1431.0
h3tFoQ4uKHI	Sluggish EBAY Sales - What do we do now???	1426.0
hD5MivbLKLc	Do you feel obligated to refund shipping charges on EBAY?	1436.0
hHMtdTVtagQ	EBAY wouldn't stop nagging me	1290.0
hI6eBN07Ufs	THIS made her an Official Ebay Reseller	1265.0
hIbJJW68kNc	Put 24 of these on eBay - ALL GONE IN DAYS	850.0
hK2NOpWorkk	WHY IS THIS SELLING SO FAST ON EBAY?	682.0
hKdG5kqp0Bc	Big stuff gets the $ on EBAY	1837.0
hLliXuIhqdo	Seems like infinite UNLISTED EBAY INVENTORY	2526.0
hPGjBo6lt2E	Were we the Last Ones to hear about this big ETSY change??	1804.0
hQXZmcQBgsk	CEASE AND DESIST Letter for a $15 EBAY Sale???	2201.0
hRwM2a9dQj8	Panasonic PV-D4743S DVD player/VCR combo eBay demo #6	245.0
hVtYeTIZKDE	This is our secret Garage Sale BOLO - don't tell anyone!	3066.0
hYkHkAFJcc8	Sending offers on EBAY and LAST CALL for Reseller Rally 2020	896.0
hcdWsD594qw	Shipping comic books for EBAY is EASY	691.0
hcmwXvXnFOU	Could you leave this behind at a Yard Sale?	3134.0
heZoP4KFUbA	Should EBAY start using a "soft close" on their auctions?	1446.0
hqLs5QjYTYU	Should we STOP going to GARAGE SALES?	3796.0
huhj6WleMIs	Shipping and selling on EBAY	570.0
hx0SZ7-3uO0	DVD BOLO - $30 Garage Sale SCORE!	2349.0
hzAc-OX7RxE	Is the 10% EBAY discount worth it?	1019.0
hzQQrVaHgC0	Our EBAY shipping department and listing department are in SYNC	1455.0
i3Xz5o_8cHY	Awesome Garage Sale Saturday!	2111.0
i3ct91yVqYo	We picked another EBAY seller's DEATHPILE	2546.0
i73D69tWezY	Packing ebay orders - For new sellers	1209.0
iDup-CW-mMU	Nice little mid-week pickup to sell on EBAY	1072.0
iPZAV4-Vv2I	HALLOWEEN brings out the WEIRD in EBAY sellers	1849.0
iWG2btxseio	Does Pirate Ship even make sense for EBAY sellers anymore?	1392.0
iYB_C5D-MOA	Does the EBAY customer unboxing experience matter?	2136.0
iYDvjTQuSLY	Selling Garage Sale HOMERUNS on EBAY	1457.0
ifb6pRNS3J4	They got a BAD CHRISTMAS GIFT, we'll flip it on EBAY	1326.0
ihLVPmrb4Zo	IMPORTANT part of a RESELL BUSINESS	977.0
ihoDxnEpjIA	Preppers pay GOOD MONEY for this on EBAY	1849.0
ii8CAh6lVhk	44 Things You Can Sell on EBAY for PROFIT	1882.0
inkgvAh06AM	I regret saying this to my EBAY customer	1749.0
ioLts5Oxqpo	THEY ARE BUYING THIS ON EBAY	1037.0
itCmyOHsgpg	This EBAY Sale is a SUPER BOLO	2020.0
iuR69xD4510	Selling on Facebook Marketplace isn't for everyone	1799.0
iwnxOOi5IxU	EBAY is FUN this time of year	1068.0
j-tpYaRgGrU	NEGOTIATING AT GARAGE SALES	687.0
j1f4VR0O4uI	Marantz model 2010 eBay demo- vintage stereo receiver	127.0
j7xCdelR_MI	This is what an EBAY seller looks like	767.0
j8HLWE5-JmI	Trying Something New on EBAY	970.0
j8ajrsPddpw	Mercari is in a PANIC - They're Pulling the Plug on THIS	1835.0
jJnvkWKDtPU	We bought two bins of THIS for $40 at a garage sale	1034.0
jK8Y7GGYvsM	SHE FINDS THE WEIRDEST THINGS AT GARAGE SALES	853.0
jKkyXsSRFrw	NEVER Walk By These At Garage Sales!	1783.0
jMVDR2YHVD8	We Screwed Up a TEN DOLLAR SALE ON EBAY	1775.0
jPhcaHZ4Imc	Surprisingly GREAT GARAGE SALES in November!	2488.0
jXULXhpZl0c	28 years in this case - I'm selling them on EBAY	1549.0
jc0FKqHawdY	EBAY actually made this feature a LOT better	1591.0
jg50lVmRW7s	Come see our GARAGE SALE TREASURE!	996.0
jh3BQsiE9Og	She gets SERIOUS about her EBAY photos	1183.0
jil5FPx2MHM	Vintage Coleco PAC-Man tabletop arcade game gameplay and demo	244.0
jis7JSSMINU	I wish EBAY could do THIS	2043.0
jpS3s1k7xO8	52 Things we SOLD ON EBAY for PROFIT	3660.0
jr-t4ua1v3E	I sell GARAGE SALE treasure on EBAY	1248.0
jsZJpVKTPDw	Every one else WALKED RIGHT BY This $15 Garage Sale SCORE	1544.0
k1L2St3ZTIE	Vintage Royal Quiet Deluxe Typewriter - green keys	169.0
k2_0v4lPJ-k	This EBAY sale brought back some memories	2654.0
k9HWmwi39jU	We NEVER Walk By These at Garage Sales	1747.0
kBS7YGHv-dY	This is one of our best garage sale finds ever	2730.0
kBU0ns-PyGw	Went to a VIEWER'S GARAGE SALE	1120.0
kCpgRYJHOZg	How to Pack and Ship EBAY orders #6 - This is a MUST HAVE TOOL	3116.0
kDc2y4cKUYc	GARAGE SALE on the other side. DO YOU GO?	1390.0
kHBvHJuPlDs	This was a HOMERUN on EBAY	1589.0
kM2231H0T-s	37 THINGS THAT SELL ON EBAY	1087.0
kNGKIERx8jU	We Were SURE This EBAY Return was a SCAM	2743.0
kQF-QENKGRo	"Sell Printer Ink on EBAY" They Said	1121.0
kTt0ChVL0Pk	Selling on EBAY Requires DISCIPLINE - Do we have it?	1976.0
kUvi_JHi4Tw	EBAY Packing Tips and Tricks - Pack 20 orders with me	4501.0
kV7LWEsr6Ng	LIST FASTER ON EBAY	591.0
kX9r7t8zSAk	SNEAKY - GOOD Garage Sale SCORE	1665.0
k_vt-2yFwus	EBAY sellers HATE IT when THIS happens	1293.0
kge5MFeII1U	CAN YOU SPOT THE PROBLEM WITH THIS EBAY ORDER?	1087.0
kijiqFDCPc0	One Garage Sale Find SAVES THE DAY!	1805.0
kmFEcL28sFk	Is it time for EBAY to revamp their feedback system?	2525.0
kx-kRGp3tMw	What I've Learned Selling Books on EBAY	1728.0
kxW4AXaCW_0	Riding the EBAY ROLLERCOASTER	2482.0
l3CIMPGYDQM	FRIDAY is our FAVORITE Garage Sale Day	1343.0
l9QQ63rb-T0	Vintage Italian Metal Chess set and board	381.0
lFW4dmJrihY	This will make me more productive on EBAY	982.0
lJMpFialEMg	These EBAY orders aren't going to pull themselves	2252.0
lK7LE_QrWxc	They are buying this on eBAY as fast as I can list it!	1277.0
lKLjmE3XosU	Weird and Wacky is PERFECT FOR EBAY	1681.0
lMgqpAzBzlU	Friday's are FUN in our EBAY shed	654.0
lNL2K4xy4IM	23 Things That Sell on EBAY for PROFIT	2506.0
lVDDLLSSdRI	Time to pack EBAY orders!	756.0
lXAkupUD9tM	How to Pack and Ship EBAY Orders #13 - BIG PRICEY ORDERS	5824.0
lXUXt4Jj60o	EBAY order lost in the mail - now what??	1159.0
lY9LutIIin8	Garage Sales aren't always easy money	725.0
lYFJSKewKhk	Do Resellers "Feel Bad" for making BIG PROFITS from Garage Sales?	1811.0
l_AUpj3D458	50 THINGS THAT SELL ON EBAY	1976.0
lbzuQNKd2rg	What we sell on EBAY and how we PACK it	3554.0
lcLFwXdkTd4	This kind of EBAY Inventory NEVER collects dust!	1817.0
lckJOycs19o	EBAY SELLERS ARE WEIRD	3298.0
ldNoBw4FuD0	Rare Vintage Shields Table Cigarette Lighter Nuatical Ships Engine Order Telegraph Bridge	102.0
lmV3Z0Tog24	Watch out EBAY, MERCARI'S Comin' For YOU!	2127.0
lwhWsAVsvVo	Why is EBAY hiding our listings?	2766.0
lxqw-2lvH8g	Doing this every month is CRUCIAL for our EBAY business	1076.0
lySzrzDXpDA	The best box supplier for EBAY sellers - It's not even close	1480.0
m5Xa9FWG8_w	Our EBAY buyers can't get enough of THESE	2479.0
m7rjcNFB_rU	I'm selling it on EBAY	1120.0
m8MyZEFSCK0	Slow EBAY sales day until we tried THIS	1781.0
mAEoNY8wWx4	BIG PLANS for TRAVEL + EBAY	2267.0
mC7GfzWq_vg	Radio Shack Electronics Learning Lab - eBay Video Demo	368.0
mCMIAOi-Sv4	"Ebay ALWAYS Sides with the Buyer!" - FALSE	2190.0
mE7LydM3acE	He said "HELL NAW" to her estate sale buy	2070.0
mFBMJa2hXxE	Shed Flips Youtube Channel - Behind the scenes	1227.0
mG8gymrpUHc	20 Things We Sell on EBAY to MAKE MONEY	1738.0
mGhHuoLitM0	These sell for BIG MONEY ON EBAY	1647.0
mHSs-zNP0Jc	Put our EBAY Store on "TIME AWAY" - How are our sales now?	680.0
mKe42DgCmY4	Unexpected Yard Sale JACKPOT!	3150.0
mKvbyratCo0	Almost too many EBAY sales for me to handle!	1334.0
mKw9hbzA8eU	I MAKE MY LIVING ON EBAY	1085.0
mMceu37QHA0	THIS is going to save us a LOT of money on our EBAY Shipping	3193.0
mMrRqVfX8Dc	Why We Stopped Shipping eBay Orders Every Day	1460.0
mPbPtxYUOiA	If you buy postage on EBAY - YOU SHOULD WATCH THIS VIDEO	1656.0
mRWS5qxV36Y	Did you know this about international shipping on EBAY?	867.0
mRu2MWlUZ4s	Is Goodwill still a good source for EBAY sellers?	1618.0
mTCqXCbKD9U	EBAY TOTALLY SCREWED ME	689.0
mTFckXPINjs	Took a Gamble on a Life Sized BRASS MONKEY at an Estate Sale	1996.0
mUumgZW2juY	"EBAY Time Away" mode for a week - here's what happened	892.0
mYJZPqmX_58	This EBAY order shows "DELIVERED" - what would you do?	2101.0
m_R93UkPG1w	3 sales on EBAY and I ain't complaining	625.0
m_WVMLPdF-8	Our EBAY Backstock is paying dividends NOW	918.0
mcyyLw2_yMs	Changing our EBAY Strategy	1837.0
mebDQiFFlaE	Is Funko the modern Beanie Baby on EBAY?	2098.0
meyA8bh5aHo	Time is running out to do this on EBAY	1553.0
mmTqDFMeU0o	"We're gonna be disciplined at Garage Sales" (YEH RIGHT)	803.0
mmi9raxSflA	The time EBAY's "SELL SIMILAR" got me in trouble	2553.0
mnjfPo4OKUM	THEY ARE BUYING THIS ON EBAY - 20 Items We Made PROFIT On	1085.0
mqcGLsP6GR4	NEVER Walk by THESE at Garage Sales!	1883.0
muO4idhSjS8	Is it OK to use another seller's photos on EBAY?	3512.0
muhBn309LvE	Would you sell THIS on EBAY?	1713.0
mz2X5zC4FKI	How to Pack and Ship EBAY Orders #3 - CRACKER PACKER	4681.0
n-34Gf_6Y8M	THIS IS WHAT GARAGE SALES ARE REALLY LIKE - UNCUT GOPRO FOOTAGE	2387.0
n-oBmZ-yRrI	The Minute You Lose Focus on EBAY - this happens	2046.0
n3jvT9KPX8k	Did I violate EBAY POLICY with THIS?	2775.0
n4r--uV5sLY	Would you pack an EBAY order this big to make $100?	2231.0
nFO3BrlooVs	We Bought 8,000 Pokemon Cards to Sell on EBAY	3223.0
nICGG9Fu3uk	The 8 FASTEST SALES we've ever made on EBAY	1697.0
nLiRCC7zqdg	Sony D-NF610 Atrac 3 Plus CD Walkman eBay Demo	169.0
nLp1Vb039jg	Can't Believe Garage Sales are BACK Already!	2440.0
nNBe_Wn7AmU	Would YOU pay $30 at a Garage Sale for everything you see here?	2113.0
nNXK2vivFaM	We scored this at Garage Sales to FLIP on EBAY	1526.0
nNzq380UAZo	MOST RIDICULOUS GARAGE SALE EVER	1969.0
nOmlinWed20	This is what it's like to be an EBAY seller	743.0
nPqFd_3G2yQ	Sold all of this on eBay - TO ONE BUYER	1421.0
nQ7bFBaKHP0	26 Garage Sale & Estate Sale Items We Flipped on EBAY FOR PROFIT	1131.0
nRG0mKHTxsk	This is making EBAY almost TOO EASY	1222.0
nTh1UBAERAw	We Made A BULK BUY for our EBAY STORE	1992.0
ne8kJ_1fLlg	What a good day on EBAY looks like for us	1916.0
nfJ9zDzLlUo	21 Ordinary Things We Sold on EBAY for PROFIT	1647.0
ng3OTDhGT5k	Wish I had 1000 of these to SELL ON EBAY	486.0
ngbQHGl48Ng	Bundling Books for $$$ on EBAY	1561.0
nm0XjBEgdAg	Surprisingly FAST SELLERS on EBAY	1530.0
nqLO0QhaUes	Garage Sales are FULL of hidden gems!	1831.0
ns2ZeyMsmL4	Looking forward to EBAY IN 2021	2062.0
nsEiAmo4AHo	GARAGE SALE TREASURE HUNT	1664.0
nzdK_Q3WU5c	She couldn't stop laughing at my EBAY Sale	3017.0
o15EuwtYMxY	Ok, EBAY - WE GIVE UP!	2016.0
o4itqc8hnIg	Garfield Haul Hat-Trick: We Can’t Escape Him	1300.0
oEEVfTMx6vA	We won't need to buy EBAY inventory for a few months	3246.0
oP8aSVt6cL8	We're making changes - Will they help our EBAY business?	1419.0
oYQ3yLiW4Rc	How to Pack Boxes for Ebay like a Pro	1423.0
oZWgWamqkts	How to Pack and Ship EBAY Orders #5 - PIG PACKER	4501.0
o_E-OMKq2BI	TREASURE FOUND AT ESTATE SALES	1878.0
ocJebTRY1xQ	Toshiba C655 Laptop-Intel dual-core T4500,4gb RAM,300GB HDD w/ Linux Mint- eBay demo	335.0
oj7IySWFXR8	Garage Sales are getting serious	2093.0
oqbI1ahc49c	This EBAY International Sale went SIDEWAYS in a hurry	3049.0
or_xAbnOHYs	Family Scale - Vintage metal 24 pound kitchen scale	256.0
ow9rgp99FwE	I LOVE EBAY's Newest Feature - "Auto Price Reduction"	1825.0
owEVSafr4I8	New month, Clean Slate for EBAY	2435.0
ozghMHit5hk	This makes selling High Dollar Items on EBAY Scary	2497.0
pAuomNie5ZI	I got a FREE BIBLE - Sold it on EBAY	884.0
pC7MSZ6YbbM	HOW TO SHIP EBAY ORDERS	1280.0
pDKXY6vGtCs	Is your EBAY store ready for 4th quarter?	1598.0
pGOt5kvR86g	EBAY Best Offer - What did it REALLY sell for?	978.0
pHd2nScuekQ	I REGRET Selling This on EBAY Already :(	1484.0
pM1cuGOVkDk	BANNED in 46 Countries (and on EBAY)	1862.0
pML61IVuW3I	This used to be my EBAY MAN CAVE	1484.0
pOMPG36QPec	More TREASURE FOR EBAY	2021.0
pWR1exx1L5I	How to Ship on EBAY for Beginners	1351.0
pWSYhOtSQdg	12 Things We Sold on EBAY in One Day	1180.0
pZcEvSISEMY	THIS is what we BUY AT GARAGE SALES to SELL ON EBAY	566.0
pe6x2FRpjeg	I must be doing EBAY Standard Envelope WRONG	1714.0
pkrlV2lki9E	Shed Flips Employee #3	2383.0
plsMag6Zg6w	How I Got an EBAY Customer to CANCEL a Return	1665.0
pnDNURIk7bM	How many items does a "full time seller" have listed on EBAY?	1695.0
pqszsck5j_0	Cold War era Hungarian steel pot helmet - eBay demo	561.0
pqxsci461a8	This has to be one of the BEST EBAY NICHES to make money in	1724.0
pz7p7BB2738	Not all sports video games are worthless on EBAY	849.0
pzMNQhz1MTo	Northwest NCL26M 26X auto-leveling optical transit eBay demo	229.0
q1BWRBnlkCI	Steady work = Steady Results on EBAY	1101.0
q1zhkHfTx9A	This ebay takedown is BRUTAL	1586.0
q5-Fhk4cInU	Changes at Shed Flips & How a Viewer Saved Our Website	2881.0
q7T-On_yEJk	This stuff sells HORRIBLY on ebay - but we keep buying it?	1173.0
q87cP2h0R8k	Sony Handycam DCR-PC100 video camera - eBay demo	482.0
qBhGMFU2WKo	Panasonic Palmcorder VHS-C PV-L550D Camcorder eBay Demo	366.0
qBjTidurWtU	Selling LOTS on EBAY - Good for the customer and good for you	1261.0
qC3K9BoHm2M	I was EXCITED to wake up to this EBAY sale	1881.0
qG3HZrLKRLc	Sony CFD-G50 CD-Radio-Cassette Jambox Stereo Boombox Ghetto Blaster - eBay Demo	263.0
qGA5g8OsRCs	This EBAY Sale Turned Into a Major P.I.T.A.	2110.0
qHdAHfW5BRE	10 Most Frequently Questions Asked by New EBAY Sellers	2794.0
qHgjyzkOT_Y	9 Questions for a $7.99 eBay Item? What would you do?	975.0
qJWxB1vKggc	Are we SUCKERS for NOT BREAKING this EBAY RULE?	2546.0
qLbQI4rWvek	How to Resize a Box to Save on Postage & Shipping Supplies	119.0
qNfOI-85muQ	Sears Electronic Auto Race - vintage 1970’s handheld LED game demo	213.0
qRrGWOHA1Nk	Every time something sells This Fast on EBAY I have to wonder	1584.0
qTxSnGdZSm4	GARAGE SALES ROCK	1130.0
qVrHBmittJw	This makes me a more confident Ebay seller (Not sponsored by EcoPro 2)	835.0
qW7ICPVA5T0	33 Things You Can Sell on EBAY for PROFIT	2970.0
qXfRl5oTEaY	She's Listin' I'm Shippin' on EBAY	1556.0
qYojlquzaek	EBAY NEGATIVE FEEDBACK - did I deserve it?	1129.0
q_VEUwSRdno	It's "Fun Sandwich Friday" in the EBAY Shed	1947.0
qf-77JJgEXA	Offer on an Expensive EBAY item from a ZERO feedback buyer - WHAT DO YOU DO?	3426.0
qj6OXt8-E2k	THIS is PERFECT FOR EBAY	1647.0
qjhRfCJM-2A	The SIX places we find our EBAY inventory	2937.0
qnsyyP2eyxE	$3000 Action Figure Haul: GUY Delivers Again!	1947.0
qwALPN_UXI0	EBAY made our day with this new feature	1087.0
qwMA60QB8lo	This is what a GOOD DAY on EBAY looks like for me	691.0
qwiiDhJECWI	EBAY Shipping - USPS Regional Rate A vs. Cubic Rate - WHAT'S CHEAPER?	374.0
qxphciiAddw	Let's Talk About EBAY	1758.0
r1YuWtz0onk	Our Sourcing Slump has us hitting the DEATHPILE (not fun)	1287.0
r5BgkbP6TSg	Apologized to USPS when I dropped this EBAY order off	968.0
r5eFifOzPMc	This is why we DON'T HATE GOODWILL	2829.0
r5mN0AeOeso	EBAY is Penalizing Us and WE DESERVE IT	1915.0
r7muyMB4K1c	This is a game changer for our EBAY business	3176.0
rE8Mpj7UHCQ	How do I use Pirate Ship Simple Export Rate for International EBAY shipping?	1207.0
rEq9ND8o2sI	I let AI handle this EBAY Customer Conversation - What could go wrong?	1570.0
rGOayb2DE0s	HUGE Mistake on these EBAY photos	1042.0
rO-sTweS2lo	Treated like a criminal when using media mail for EBAY?	1504.0
rOvVytULj4U	THIS is why EBAY Sellers Love Using EIS (EBAY International Shipping)	1299.0
rP-9xRYM-h8	She didn't sell on EBAY for 2 years until we did THIS	1470.0
rY3Ov-cCuDI	Gameboy Color Pokemon Pikachu edition - yellow and blue - eBay Demo	178.0
rdwN_kzBZdQ	How do you price your EBAY items?	1545.0
rfOolZt4M0A	Our EBAY store DESPERATELY needs this (so does yours)	1910.0
rfwCQsxgItE	What does an EBAY RESELLER really do all day ?	1294.0
rgv-owXQW_w	Time to build EBAY MOMENTUM	1786.0
rjRnaUyaOrI	Why don't you sell CLOTHING on EBAY?	2609.0
rkBrJoZ8mbE	When you ask- "Do you have any vintage toys" at a Garage Sale	2325.0
roHb_tPpUXc	A dollar saved is a dollar earned on EBAY	420.0
s-KE_RIqSTA	31 Things We Sold on EBAY for PROFIT	1524.0
s45nkku2sco	Went to a Garage Sale - Came home with 4000 of THESE	1521.0
s7dE44mpudk	EBAY is all about the DETAILS	1843.0
sA0xtbeZp-w	I SWORE I'd NEVER sell jeans on EBAY again	1679.0
sBf9pXPK9Jg	MY SECRET EBAY MONEY MAKERS	2204.0
sIRT42pZEH4	We nearly left this HOME RUN behind at the Garage Sale	2732.0
sIt_4O_SLhY	Time to GET RID of our Death Pile and Slow Moving EBAY Inventory	1694.0
sOzu6hIeE18	January Yard Sales are CHALLENGING	1315.0
sRr5ZwBIgxU	Her $30 Facebook Marketplace to EBAY Flip PAID OFF BIG	1248.0
sdCXJg1BfPc	Trying a new sales strategy on EBAY	1146.0
sdsomp_LdwY	STIMMY was a GAME CHANGER for our EBAY STORE	1711.0
sjtEwZytYv0	What is the "GOOD STUFF" at Garage Sales?	2698.0
sm1FTO3AfEY	She always finds the DEALS!	2408.0
srBDyHz797o	Think Someone Will Pay $200 for this on EBAY?	1456.0
srLDToVk9YE	Will you SELL as many items as you LIST on EBAY?	3009.0
ss7wkccYAmw	Don't get caught off guard by this new EBAY feature	3787.0
stAGIMd1Luc	How to use the Bushnell Backtrack - an eBay demo	279.0
t-Jy8ipWvP0	What is your motivation to keep listing on eBay?	1273.0
t1A3ZLAWiWA	EBAY doesn't feel like work when you sell what you love	2232.0
t1i5MTpBM6c	How to PACK and SHIP BIG ITEMS	722.0
t3UMCbqegTs	10 Things we use that make our EBAY business BETTER	1121.0
t5V0VhfwczU	TEST EVERYTHING before selling on EBAY - RIght?	4080.0
tAu2ok05mqY	33 Things People ACTUALLY BOUGHT ON EBAY	1029.0
tBmP_4ho9JM	How to Pack and Ship EBAY Orders #9 - SHIPPING HAZARDS	7062.0
tDE2t0xZ8fI	Gotta LOVE these kinds of days on EBAY	1578.0
tG2O2QfEU8U	How often do you get returns on EBAY?	1172.0
tGi4yn3xOA8	This could be EBAY's most "FUN" new feature yet	2123.0
tONfObU-Hwo	THIS was PERFECT for an EBAY AUCTION	1937.0
tOh6Rf333sw	This eBay sale wasn't worth the trouble	1394.0
tS3jwEVY_N8	26 THINGS WE SELL ON EBAY FOR PROFIT	1543.0
tVWSggTeEPY	EBAY Time Away - Not just for vacations	2094.0
tVo8lSYUwLI	Why don't you offer free shipping on EBAY?	1724.0
tXA7dWzxIxk	This is why I HATE selling cell phones on EBAY	2039.0
t_-YHQ9vI0E	I was SO EMBARRASSED when she pulled these out at a GARAGE SALE	2248.0
th3IUcLTUyA	Negative consequences of EBAY thank you cards?	1371.0
tlxiskeDXCs	Don't make THIS mistake when packing EBAY items	1293.0
tm3umHSEWBY	Hope we have a rare one!	1702.0
tmnn2qyeXms	Yes! This Was a SATISFYING EBAY Sale	1789.0
tqLmlCqkzQI	I can't lie - running this EBAY business alone kinda sucks	869.0
twvJ2Jr4RsQ	Will "EBAY Seller Protection" Save Me?	1679.0
tzDGOtrwiiA	You think I'm gonna do free shipping on EBAY?	900.0
u-k0fedpI6U	This HORRIBLE "advice" would have put our EBAY account in JEOPARDY	2199.0
u9CdSMGrCgQ	Is this Purse a "Prohibited Item" on EBAY?	2648.0
uADv1bCad5M	ALWAYS insure EBAY packages? Right?	2166.0
uBKiymhfSvQ	Candice was the FIRST ONE at a Garage Sale and SCORED!	1454.0
uF64Jx4Xmu8	FOCUS your ENERGY on EBAY where it MATTERS	1250.0
uFKrLasl-Ys	Alpine Blackbird GPS demo for eBay	401.0
uJHJ2HN9TzY	Are these the Beanie Babies of Sports Collectibles?	732.0
uKEV193VpvU	This is what EBAY sellers hate doing the most	622.0
uK_VbvAFNm8	EBAY CUSTOMER GOT ME IN TROUBLE	819.0
uOsKpyGFVp4	Went to Garage Sales - Found a Honey Hole!	1868.0
uPq5953panw	Are you worried EBAY will shut down your account?	768.0
uU2LZfaAdtI	How do you avoid getting scammed by zero feedback EBAY buyers?	1121.0
uVJC4BBNogQ	SHED: FULL - Garage Sale Season: NOW - Time to get to WORK	1282.0
uX4TBEnPimQ	THIS is what we are ACTUALLY SELLING on EBAY	2016.0
uXMDNoFpJU0	Poshmark and Mercari Picked up EBAY's Slack AGAIN	1434.0
uXckicOjT_0	Fulltime EBAY Seller - When is retirement?	1458.0
uYos6iC2muc	EBAY Sellers are Way Too PARANOID	2066.0
uaNnNC7nVio	EBAY don't fail me now!	642.0
ugCvT41gv_o	Two days of selling on EBAY	971.0
ujtktRjqkac	Sent over 200 "Offers to Watchers" on EBAY then THIS HAPPENED	1964.0
ujvA00xJ2fI	Want less competition on EBAY? Sell BIG STUFF	1091.0
ut_Il2ZdQZ0	Everyone else walked right by this 50 cent Estate Sale find	1956.0
uw_c01P0QxU	Icom IC-R71a Communications Receiver - eBay demo video	425.0
uza5CKP4ioY	One of the worst mistakes an EBAY seller can make	2000.0
uzmw5AIWtmU	Don't make the same mistake on EBAY that we did	1861.0
v-s93AKe5ig	You WOULD BELIEVE what we bought at Garage Sales	1660.0
v29Q9rWScMs	"End and Sell Similar" on EBAY is a MYTH?	1410.0
v4t9IwWfmqA	This is NOT a Smart Goal for EBAY sellers to have	1766.0
v7kbO-3aW5Q	Time to dust off the EBAY ACCOUNTABILITY BOARD - who's with me?	1556.0
vIR-HhAZSA4	Sony TFM-7150W ten transistor vintage portable radio - demo for eBay	193.0
vIw1ETSjaqI	MEGA LITTLEST PETSHOP GARAGE SALE SCORE!	1126.0
vLpY6MZwvt4	Why wasn't I using THIS for EBAY before?	2144.0
vNch8zhJS3Q	Sometimes you gotta part it out on EBAY	1390.0
vQYLGN3dOmo	She's trying to fill her wagon at Garage Sales!	1689.0
vUuG1e1nouM	This EBAY Sale was worth it's weight in GOLD	1113.0
vVG0km5ezIc	Earning a living on EBAY	1026.0
v_q-3MA4DqY	DO THIS ON EBAY	1162.0
vcCeUBEhlpE	Sony CCD-TRV21 Handycam video camera ebay demo	336.0
vdDY_BAecbc	Another Estate Sale Shopper Tried to RUIN OUR DEAL	1797.0
vf8UvpJ9Wfk	This is what DOESN'T SELL ON EBAY	2339.0
vmAB53MQdHw	$10 eBay items - WASTE OF TIME?	2915.0
vsUDWRRXe8c	Canon Vixia HFR10 Full HD 1080p camcorder eBay Demo	267.0
vvKzR0Tjyl4	Hurricane is OVER - Back to BUSINESS!	1580.0
w0onx0EYhNE	I blamed EBAY but I was WRONG	2119.0
w1PdSND3BtU	Bundles are my secret weapon on EBAY	1198.0
w22zWj6JjeU	When did EBAY start doing THIS?	1383.0
wEGRbDTiw8c	Is selling only on EBAY dangerous?	1750.0
wLR8humhF3I	THIS is What we Sell for PROFIT on EBAY, ETSY, MERCARI, POSHMARK & FB Marketplace	1642.0
wMQ4navKQeU	We NEARLY LEFT THIS HUGE SCORE BEHIND at the Garage Sale	1868.0
wOq2XgVaa4I	Garage Sale and Estate Sale Goodies to Sell on EBAY	1431.0
wS90RfFH_CE	THEY BOUGHT ALL OF THIS ON EBAY	1351.0
wSzJB13Zry4	We do this with lower value items on EBAY	976.0
wTnFKTRRkcQ	BIG improvement to our EBAY clothing photography setup	1241.0
wcnLdIB9eUM	This took 6 months to sell on EBAY - WORTH IT	2598.0
wjB6b4HwE-A	That time I QUIT MY JOB to Sell on EBAY full time	2381.0
wkzaywUi0fU	Surviving the Winter with our EBAY DEATH PILE	1039.0
wp6ADBb_rlg	After all these years - selling on ebay STILL gets me fired up!	2754.0
wvrAN69LYBI	The flexibility of selling on EBAY is crucial sometimes	1094.0
x1I35YiJfyc	How NOT to reply to NEGATIVE FEEDBACK on EBAY	2973.0
x3tMVYOHfzo	Do you collect anything or does it all get sold on EBAY?	1939.0
x6EVwFvACxE	When we take time off, so do our EBAY sales	1848.0
xByIzPENFwY	This EBAY accountability tool keeps us FOCUSED	3633.0
xEA0Gg4PEzk	Nintendo Gameboy eBay Demo	337.0
xINwXnorIxE	We found the PERFECT new home for this EBAY treasure	1931.0
xIknPqbIMz4	What do you think about stock photos on EBAY?	1719.0
xO-cHw9n3xQ	And We Thought This Market was DEAD on EBAY	1704.0
xO3IuX2kcbY	I can work any 14 hours a day I want on EBAY	2392.0
xP4M2my--i0	I'm Gonna Have to Run Shed Flip SOLO	1908.0
xPUGDOQKmHk	This is KILLING US on EBAY	1623.0
xR6SRDAT_rA	We need to STOP crosslisting these kinds of EBAY items	2546.0
xS5Xauqvt20	Vintage Jewelry with Candice - First look at a large lot of Estate Jewelry	1932.0
xVQ0UFxUpNw	Selling Funko Pop on EBAY	562.0
xWWsBJUCktU	I swore I'd never sell these again	775.0
xf3XLszvKNQ	My EBAY photo setup	1290.0
xgY2O-DL77Y	Shipping OVER 100 items on EBAY	1133.0
xmtCSRiVRNs	The eBay Momentum board tells no lies	1211.0
xphLYNBqDXU	30 Things WE SELL ON EBAY FOR PROFIT	1787.0
xriLT6T0S28	New eBay marketing strategy?	1318.0
xwabI8S1sGo	"Anything" EBAY Sellers Have To Be A Little More Creative	1141.0
y-Wf5agn3d8	The only other one we can find is in the Louvre	1700.0
y19DbA7WocM	Does this REALLY Make Money on EBAY?	2184.0
y6dhjjeCBqY	EBAY Seller? You Need to do this NOW	1664.0
yAQg_5uKr5Y	This EBAY package passed her inspection	1773.0
yBNumG5ltFg	EBAY Payment Dispute - am I about to get SCREWED?	1345.0
yFbHmwfs0oY	We bought a TRUCKLOAD of EBAY inventory from retired resellers	1742.0
yHDxSZm5PTY	EBAY Sellers do the Strangest Things	1545.0
yHgIvZC2W5A	"THAT will NEVER SELL on eBAY"	626.0
yL5EkCD8ouU	How much should I pay for a bulk buy for EBAY?	1852.0
yMviiTnS-Rk	35 Things You Can Sell on EBAY FOR PROFIT	1990.0
yO7mhvfeIYY	$150 EBAY Return is LOST in the Mail - What will EBAY do?	2310.0
yUxsFzOcIW0	Fluke 87V True RMS Multimeter Demo for eBay	439.0
yZHE4nH8FPk	Interesting Encounter at Garage Sale...	1081.0
ydVnzWpoKMQ	What would you change about EBAY?	1102.0
yhRtGQeS4jo	22 Things That PEOPLE BUY ON EBAY	1191.0
yjSWWfe_azM	This $5 Garage Sale Find was a HOMERUN on EBAY	1874.0
ylDEYfGhg9Y	We sold 11,000 of these on EBAY in one day!	2810.0
ymXt-47FTnI	Should I insure EBAY packages or not?	1243.0
yqkc3LGXkFc	She found more great EBAY inventory on FB MARKETPLACE!	1020.0
yuLcv41vPEs	This is ruining EBAY buyer confidence	1551.0
yvCv75SOPvU	17 Things That PEOPLE BUY ON EBAY	1784.0
ywS-zumLQr8	Don't let FEAR run your EBAY business	1387.0
yxFnxutDdXw	Not sure why they keep buying THESE on EBAY	1557.0
yz9FMup-T3g	"You need EMPLOYEES for your EBAY business!"???	1446.0
z2FvRfRJArs	This is now our FAVORITE category to sell in on EBAY	2035.0
zCVe2sxwEOw	Best EBAY Sales Day in MONTHS	1606.0
zGIeQESPYl4	Would you do THIS on EBAY?	2500.0
zI_xTQJzaeM	Be Honest - are EBAY's AI description REALLY helping anyone?	2456.0
zJopE8JAqIs	Can't find an EBAY order, what do I do now?	1011.0
zK-QaWj_5o8	EBAY Sellers LOATHE this but it must be done	2365.0
zMEib-jFDfs	Can I ship comic books media mail? and more EBAY questions	1734.0
zSDr5-r5fXU	15 Things We Sold on EBAY that MAKES US MONEY	1229.0
zSJy3CwXdUs	This is what selling on EBAY is REALLY LIKE	1863.0
zXTCLUu2rgI	We've sold over 150 of these on EBAY - Our most profitable item ever?	1413.0
zZn6P21C4dU	INSTANT KARMA for this EBAY LIAR	1673.0
z_VuaN0eO2Y	Never ending battle for EBAY Sellers (and buyers)	1686.0
zaR4nfIMdKY	This sells almost instantly on EBAY	883.0
zftbD_x1Uvs	This EBAY buyer tested my patience	2336.0
zgRs9-3-I48	Selling this is on EBAY is DANGEROUS - DON'T DO IT	1190.0
zi-b6c_CGz4	A HUGE day on EBAY just before Christmas	1449.0
zkCfzeWRSWg	The part of selling on EBAY that no one talks about	1259.0
zr0e3iVjwfM	New strategy for crossposting to Mercari and Poshmark	1779.0
zrmIluVI3PY	Are some EBAY buyers a little too inquisitive?	1538.0
zsfENLUn8JA	WAY MORE FUN Than Selling On EBAY	2444.0
zwk5mS5aT_U	These 17 Things Sold in under 24 hours on EBAY	280.0
zxoZQqe48-k	We Tried Running Sales in our EBAY Store - Did It Work?	1291.0
